Aubnetid,FiscalCycle,Physician Name,Department,ClinicVisits,ClinicWaitingTime,PatientComplaints,ContractEffectiveDate
PHYS_8f59f6be6839,Cycle 2022-2023,PHYS_8f59f6be6839,Maternal-Fetal Medicine,269.0,40.67,,2011-07-01
PHYS_8f59f6be6839,Cycle 2023-2024,PHYS_8f59f6be6839,Maternal-Fetal Medicine,236.0,25.97,,2011-07-01
PHYS_8f59f6be6839,Cycle 2024-2025,PHYS_8f59f6be6839,Maternal-Fetal Medicine,270.0,27.78,,2011-07-01
PHYS_0f7dbc32ada3,Cycle 2022-2023,PHYS_0f7dbc32ada3,Endocrinology,1087.0,93.74,,2011-07-01
PHYS_0f7dbc32ada3,Cycle 2023-2024,PHYS_0f7dbc32ada3,Endocrinology,1283.0,82.16,,2011-07-01
PHYS_0f7dbc32ada3,Cycle 2024-2025,PHYS_0f7dbc32ada3,Endocrinology,1582.0,96.76,,2011-07-01
PHYS_18d9d60a1ec8,Cycle 2023-2024,PHYS_18d9d60a1ec8,Neurosurgery,166.0,50.13,,2023-10-17
PHYS_18d9d60a1ec8,Cycle 2024-2025,PHYS_18d9d60a1ec8,Neurosurgery,429.0,83.18,,2023-10-17
PHYS_d96d1fbcd51c,Cycle 2022-2023,PHYS_d96d1fbcd51c,Infectious Diseases,553.0,49.46,,2011-07-01
PHYS_d96d1fbcd51c,Cycle 2023-2024,PHYS_d96d1fbcd51c,Infectious Diseases,670.0,55.44,,2011-07-01
PHYS_d96d1fbcd51c,Cycle 2024-2025,PHYS_d96d1fbcd51c,Infectious Diseases,644.0,59.66,1.0,2011-07-01
PHYS_0f6500b55151,Cycle 2022-2023,PHYS_0f6500b55151,Neurology,1334.0,63.97,,2011-07-01
PHYS_0f6500b55151,Cycle 2023-2024,PHYS_0f6500b55151,Neurology,1366.0,49.61,,2011-07-01
PHYS_0f6500b55151,Cycle 2024-2025,PHYS_0f6500b55151,Neurology,1157.0,53.28,,2011-07-01
PHYS_85c37beeac3a,Cycle 2022-2023,PHYS_85c37beeac3a,Pediatric Ophthalmology & Motility,2929.0,60.16,,2017-09-13
PHYS_85c37beeac3a,Cycle 2023-2024,PHYS_85c37beeac3a,Pediatric Ophthalmology & Motility,3233.0,64.98,,2017-09-13
PHYS_85c37beeac3a,Cycle 2024-2025,PHYS_85c37beeac3a,Pediatric Ophthalmology & Motility,3576.0,38.02,,2017-09-13
PHYS_5a42763cd787,Cycle 2022-2023,PHYS_5a42763cd787,Nephrology,1455.0,40.09,,2011-07-01
PHYS_5a42763cd787,Cycle 2023-2024,PHYS_5a42763cd787,Nephrology,1367.0,49.75,,2011-07-01
PHYS_5a42763cd787,Cycle 2024-2025,PHYS_5a42763cd787,Nephrology,1407.0,45.45,1.0,2011-07-01
PHYS_23568ae5ca82,Cycle 2022-2023,PHYS_23568ae5ca82,Neurology,280.0,15.5,,2022-10-11
PHYS_088c3a358426,Cycle 2022-2023,PHYS_088c3a358426,Urology,3546.0,59.46,,2013-07-09
PHYS_088c3a358426,Cycle 2023-2024,PHYS_088c3a358426,Urology,3627.0,57.64,2.0,2013-07-09
PHYS_088c3a358426,Cycle 2024-2025,PHYS_088c3a358426,Urology,3505.0,62.06,5.0,2013-07-09
PHYS_d920f5a00584,Cycle 2022-2023,PHYS_d920f5a00584,Dermatology,1562.0,40.14,,2011-07-01
PHYS_d920f5a00584,Cycle 2023-2024,PHYS_d920f5a00584,Dermatology,1567.0,31.07,,2011-07-01
PHYS_d920f5a00584,Cycle 2024-2025,PHYS_d920f5a00584,Dermatology,1453.0,33.95,,2011-07-01
PHYS_8061021ecd7b,Cycle 2022-2023,PHYS_8061021ecd7b,Orthodontics,412.0,,,2015-01-13
PHYS_8061021ecd7b,Cycle 2023-2024,PHYS_8061021ecd7b,Orthodontics,520.0,,,2015-01-13
PHYS_8061021ecd7b,Cycle 2024-2025,PHYS_8061021ecd7b,Orthodontics,370.0,,,2015-01-13
PHYS_bc751199ad00,Cycle 2022-2023,PHYS_bc751199ad00,Pulmonary and Critical Care,1405.0,22.6,,2011-07-01
PHYS_bc751199ad00,Cycle 2023-2024,PHYS_bc751199ad00,Pulmonary and Critical Care,2572.0,22.26,2.0,2011-07-01
PHYS_bc751199ad00,Cycle 2024-2025,PHYS_bc751199ad00,Pulmonary and Critical Care,2026.0,18.32,,2011-07-01
PHYS_a1dcdacf9fcc,Cycle 2022-2023,PHYS_a1dcdacf9fcc,Otorhinolaryngology - Head and Neck Surgery,842.0,101.55,,2011-07-01
PHYS_a1dcdacf9fcc,Cycle 2023-2024,PHYS_a1dcdacf9fcc,Otorhinolaryngology - Head and Neck Surgery,1143.0,63.41,1.0,2011-07-01
PHYS_a1dcdacf9fcc,Cycle 2024-2025,PHYS_a1dcdacf9fcc,Otorhinolaryngology - Head and Neck Surgery,817.0,58.27,,2011-07-01
PHYS_92df458d73ce,Cycle 2022-2023,PHYS_92df458d73ce,Reproductive Endocrinology and Infertility,1945.0,40.17,,2011-07-01
PHYS_92df458d73ce,Cycle 2023-2024,PHYS_92df458d73ce,Reproductive Endocrinology and Infertility,1781.0,88.67,,2011-07-01
PHYS_92df458d73ce,Cycle 2024-2025,PHYS_92df458d73ce,Reproductive Endocrinology and Infertility,1459.0,24.97,,2011-07-01
PHYS_e5e9dae8fdb9,Cycle 2022-2023,PHYS_e5e9dae8fdb9,Plastic Surgery,2442.0,44.72,,2014-08-26
PHYS_e5e9dae8fdb9,Cycle 2023-2024,PHYS_e5e9dae8fdb9,Plastic Surgery,3223.0,38.89,3.0,2014-08-26
PHYS_e5e9dae8fdb9,Cycle 2024-2025,PHYS_e5e9dae8fdb9,Plastic Surgery,2579.0,35.39,1.0,2014-08-26
PHYS_2a2d2e824a25,Cycle 2022-2023,PHYS_2a2d2e824a25,Pediatric Critical Care,526.0,59.66,2.0,2014-07-08
PHYS_2a2d2e824a25,Cycle 2023-2024,PHYS_2a2d2e824a25,Pediatric Critical Care,474.0,58.42,1.0,2014-07-08
PHYS_2a2d2e824a25,Cycle 2024-2025,PHYS_2a2d2e824a25,Pediatric Critical Care,438.0,58.76,,2014-07-08
PHYS_c01b77b1fef3,Cycle 2023-2024,PHYS_c01b77b1fef3,Obstetrics and Gynecology,,,1.0,2011-07-01
PHYS_c01b77b1fef3,Cycle 2024-2025,PHYS_c01b77b1fef3,Obstetrics and Gynecology,,,1.0,2011-07-01
PHYS_31fe380f2465,Cycle 2022-2023,PHYS_31fe380f2465,Neurology,21.0,34.78,,2014-05-15
PHYS_31fe380f2465,Cycle 2023-2024,PHYS_31fe380f2465,Neurology,16.0,25.2,,2014-05-15
PHYS_23630ec6bd44,Cycle 2022-2023,PHYS_23630ec6bd44,Orthodontics,2950.0,90.0,,2011-07-01
PHYS_23630ec6bd44,Cycle 2023-2024,PHYS_23630ec6bd44,Orthodontics,3700.0,126.07,,2011-07-01
PHYS_23630ec6bd44,Cycle 2024-2025,PHYS_23630ec6bd44,Orthodontics,3227.0,95.44,,2011-07-01
PHYS_b7c50165ca33,Cycle 2022-2023,PHYS_b7c50165ca33,Maternal-Fetal Medicine,3006.0,33.17,,2011-07-01
PHYS_b7c50165ca33,Cycle 2023-2024,PHYS_b7c50165ca33,Maternal-Fetal Medicine,2919.0,64.3,2.0,2011-07-01
PHYS_b7c50165ca33,Cycle 2024-2025,PHYS_b7c50165ca33,Maternal-Fetal Medicine,2758.0,24.63,1.0,2011-07-01
PHYS_bd9d261c765d,Cycle 2022-2023,PHYS_bd9d261c765d,Cardiology,4585.0,22.15,,2011-07-01
PHYS_bd9d261c765d,Cycle 2023-2024,PHYS_bd9d261c765d,Cardiology,4776.0,22.07,,2011-07-01
PHYS_bd9d261c765d,Cycle 2024-2025,PHYS_bd9d261c765d,Cardiology,4647.0,19.59,,2011-07-01
PHYS_749615a95136,Cycle 2022-2023,PHYS_749615a95136,Hematology-Oncology,1998.0,85.36,,2011-07-01
PHYS_749615a95136,Cycle 2023-2024,PHYS_749615a95136,Hematology-Oncology,2100.0,76.59,,2011-07-01
PHYS_749615a95136,Cycle 2024-2025,PHYS_749615a95136,Hematology-Oncology,1780.0,75.95,,2011-07-01
PHYS_86b3510033de,Cycle 2022-2023,PHYS_86b3510033de,Gastroenterology,1504.0,25.86,,2011-07-01
PHYS_86b3510033de,Cycle 2023-2024,PHYS_86b3510033de,Gastroenterology,1507.0,31.08,,2011-07-01
PHYS_86b3510033de,Cycle 2024-2025,PHYS_86b3510033de,Gastroenterology,1191.0,27.74,1.0,2011-07-01
PHYS_796363ed88b6,Cycle 2022-2023,PHYS_796363ed88b6,Gastroenterology,72.0,31.45,,2011-07-01
PHYS_796363ed88b6,Cycle 2023-2024,PHYS_796363ed88b6,Gastroenterology,1133.0,33.6,,2011-07-01
PHYS_796363ed88b6,Cycle 2024-2025,PHYS_796363ed88b6,Gastroenterology,897.0,34.52,2.0,2011-07-01
PHYS_f06180426561,Cycle 2023-2024,PHYS_f06180426561,Emergency Medicine,,,1.0,2023-09-12
PHYS_89fd008a1248,Cycle 2022-2023,PHYS_89fd008a1248,Orthopaedic Surgery,156.0,26.21,,2015-10-23
PHYS_12590e0e5875,Cycle 2022-2023,PHYS_12590e0e5875,Orthopaedic Surgery,5280.0,20.0,,2011-07-01
PHYS_12590e0e5875,Cycle 2023-2024,PHYS_12590e0e5875,Orthopaedic Surgery,5449.0,12.91,1.0,2011-07-01
PHYS_12590e0e5875,Cycle 2024-2025,PHYS_12590e0e5875,Orthopaedic Surgery,4806.0,9.58,1.0,2011-07-01
PHYS_17b1b91e9add,Cycle 2022-2023,PHYS_17b1b91e9add,Hematology-Oncology,1861.0,54.71,1.0,2011-07-01
PHYS_17b1b91e9add,Cycle 2023-2024,PHYS_17b1b91e9add,Hematology-Oncology,2091.0,37.72,,2011-07-01
PHYS_17b1b91e9add,Cycle 2024-2025,PHYS_17b1b91e9add,Hematology-Oncology,1872.0,33.1,1.0,2011-07-01
PHYS_4bf042862ce8,Cycle 2022-2023,PHYS_4bf042862ce8,Hematology-Oncology,811.0,38.69,,2011-07-01
PHYS_4bf042862ce8,Cycle 2023-2024,PHYS_4bf042862ce8,Hematology-Oncology,935.0,31.65,,2011-07-01
PHYS_4bf042862ce8,Cycle 2024-2025,PHYS_4bf042862ce8,Hematology-Oncology,789.0,36.62,1.0,2011-07-01
PHYS_c1199ce2ddd8,Cycle 2022-2023,PHYS_c1199ce2ddd8,Pediatric Surgery Service,332.0,31.59,,2017-08-09
PHYS_c1199ce2ddd8,Cycle 2023-2024,PHYS_c1199ce2ddd8,Pediatric Surgery Service,497.0,34.2,,2017-08-09
PHYS_c1199ce2ddd8,Cycle 2024-2025,PHYS_c1199ce2ddd8,Pediatric Surgery Service,46.0,21.61,,2017-08-09
PHYS_85a5920c4590,Cycle 2022-2023,PHYS_85a5920c4590,Infectious Diseases,250.0,43.93,,2014-04-11
PHYS_85a5920c4590,Cycle 2023-2024,PHYS_85a5920c4590,Infectious Diseases,308.0,45.96,,2014-04-11
PHYS_85a5920c4590,Cycle 2024-2025,PHYS_85a5920c4590,Infectious Diseases,416.0,50.71,,2014-04-11
PHYS_f0ddc75d7edf,Cycle 2022-2023,PHYS_f0ddc75d7edf,Plastic Surgery,,,1.0,2011-07-01
PHYS_645df9a1917f,Cycle 2022-2023,PHYS_645df9a1917f,Cardiology,875.0,38.1,1.0,2011-07-26
PHYS_645df9a1917f,Cycle 2023-2024,PHYS_645df9a1917f,Cardiology,1568.0,32.53,,2011-07-26
PHYS_645df9a1917f,Cycle 2024-2025,PHYS_645df9a1917f,Cardiology,1515.0,30.31,,2011-07-26
PHYS_dfb9ba07dcc1,Cycle 2022-2023,PHYS_dfb9ba07dcc1,Pediatric Nephrology,,43.45,,2012-06-28
PHYS_a54560881f80,Cycle 2022-2023,PHYS_a54560881f80,Hematology-Oncology,1635.0,57.11,,2012-07-01
PHYS_a54560881f80,Cycle 2023-2024,PHYS_a54560881f80,Hematology-Oncology,1599.0,55.16,1.0,2012-07-01
PHYS_a54560881f80,Cycle 2024-2025,PHYS_a54560881f80,Hematology-Oncology,2000.0,50.64,2.0,2012-07-01
PHYS_e99cfcaa6789,Cycle 2022-2023,PHYS_e99cfcaa6789,Urology,136.0,41.6,,2016-01-14
PHYS_e99cfcaa6789,Cycle 2023-2024,PHYS_e99cfcaa6789,Urology,1292.0,44.67,,2016-01-14
PHYS_e99cfcaa6789,Cycle 2024-2025,PHYS_e99cfcaa6789,Urology,1737.0,42.33,,2016-01-14
PHYS_2ab54f384310,Cycle 2022-2023,PHYS_2ab54f384310,Family Medicine,1412.0,31.71,,2011-07-01
PHYS_2ab54f384310,Cycle 2023-2024,PHYS_2ab54f384310,Family Medicine,1263.0,40.75,,2011-07-01
PHYS_2ab54f384310,Cycle 2024-2025,PHYS_2ab54f384310,Family Medicine,1368.0,27.22,,2011-07-01
PHYS_81a7aa72e7dc,Cycle 2022-2023,PHYS_81a7aa72e7dc,Psychiatry,591.0,46.91,,2011-07-01
PHYS_81a7aa72e7dc,Cycle 2023-2024,PHYS_81a7aa72e7dc,Psychiatry,609.0,42.89,,2011-07-01
PHYS_81a7aa72e7dc,Cycle 2024-2025,PHYS_81a7aa72e7dc,Psychiatry,381.0,72.91,,2011-07-01
PHYS_7aa4bfb13ec8,Cycle 2022-2023,PHYS_7aa4bfb13ec8,Ophthalmology,4707.0,15.24,,2011-07-01
PHYS_7aa4bfb13ec8,Cycle 2023-2024,PHYS_7aa4bfb13ec8,Ophthalmology,5002.0,16.36,,2011-07-01
PHYS_7aa4bfb13ec8,Cycle 2024-2025,PHYS_7aa4bfb13ec8,Ophthalmology,4672.0,20.21,,2011-07-01
PHYS_9facd75e78af,Cycle 2022-2023,PHYS_9facd75e78af,Family Medicine,1308.0,24.49,1.0,2011-07-01
PHYS_9facd75e78af,Cycle 2023-2024,PHYS_9facd75e78af,Family Medicine,1188.0,23.71,,2011-07-01
PHYS_9facd75e78af,Cycle 2024-2025,PHYS_9facd75e78af,Family Medicine,1136.0,22.93,,2011-07-01
PHYS_eb066433ad96,Cycle 2022-2023,PHYS_eb066433ad96,Orthopaedic Surgery,1448.0,25.06,,2011-07-01
PHYS_eb066433ad96,Cycle 2023-2024,PHYS_eb066433ad96,Orthopaedic Surgery,1810.0,23.85,,2011-07-01
PHYS_eb066433ad96,Cycle 2024-2025,PHYS_eb066433ad96,Orthopaedic Surgery,1413.0,21.67,1.0,2011-07-01
PHYS_fa6a74aacd93,Cycle 2023-2024,PHYS_fa6a74aacd93,Nephrology and Hypertension,233.0,35.24,,2015-07-20
PHYS_fa6a74aacd93,Cycle 2024-2025,PHYS_fa6a74aacd93,Nephrology and Hypertension,24.0,25.33,,2015-07-20
PHYS_b9976f810e5d,Cycle 2022-2023,PHYS_b9976f810e5d,Radiation Oncology,1610.0,37.73,,2012-07-17
PHYS_b9976f810e5d,Cycle 2023-2024,PHYS_b9976f810e5d,Radiation Oncology,1589.0,104.7,,2012-07-17
PHYS_b9976f810e5d,Cycle 2024-2025,PHYS_b9976f810e5d,Radiation Oncology,1378.0,39.88,,2012-07-17
PHYS_7e2b1beb5fa0,Cycle 2022-2023,PHYS_7e2b1beb5fa0,Pediatric Ophthalmology & Motility,2577.0,43.64,,2011-07-01
PHYS_7e2b1beb5fa0,Cycle 2023-2024,PHYS_7e2b1beb5fa0,Pediatric Ophthalmology & Motility,2604.0,53.84,,2011-07-01
PHYS_7e2b1beb5fa0,Cycle 2024-2025,PHYS_7e2b1beb5fa0,Pediatric Ophthalmology & Motility,2422.0,32.83,,2011-07-01
PHYS_a039d9fc7752,Cycle 2024-2025,PHYS_a039d9fc7752,Pediatric Endocrinology,730.0,48.04,1.0,2024-06-11
PHYS_cb68dae93506,Cycle 2022-2023,PHYS_cb68dae93506,Dentofacial Medicine,395.0,137.0,,2021-12-21
PHYS_cb68dae93506,Cycle 2023-2024,PHYS_cb68dae93506,Dentofacial Medicine,466.0,42.8,,2021-12-21
PHYS_cb68dae93506,Cycle 2024-2025,PHYS_cb68dae93506,Dentofacial Medicine,586.0,75.4,,2021-12-21
PHYS_ea6d64e1b42f,Cycle 2023-2024,PHYS_ea6d64e1b42f,Plastic Surgery,24.0,353.75,,2023-09-12
PHYS_ea6d64e1b42f,Cycle 2024-2025,PHYS_ea6d64e1b42f,Plastic Surgery,203.0,67.89,,2023-09-12
PHYS_95623973f2e3,Cycle 2023-2024,PHYS_95623973f2e3,Endocrinology,340.0,25.89,,2023-09-12
PHYS_890d65abe662,Cycle 2022-2023,PHYS_890d65abe662,Family Medicine,391.0,25.2,,2018-01-12
PHYS_890d65abe662,Cycle 2023-2024,PHYS_890d65abe662,Family Medicine,440.0,48.81,,2018-01-12
PHYS_890d65abe662,Cycle 2024-2025,PHYS_890d65abe662,Family Medicine,445.0,24.04,,2018-01-12
PHYS_ed3fe1ca099a,Cycle 2022-2023,PHYS_ed3fe1ca099a,Psychiatry,880.0,61.07,,2020-01-21
PHYS_ed3fe1ca099a,Cycle 2023-2024,PHYS_ed3fe1ca099a,Psychiatry,803.0,50.83,,2020-01-21
PHYS_ed3fe1ca099a,Cycle 2024-2025,PHYS_ed3fe1ca099a,Psychiatry,863.0,64.3,,2020-01-21
PHYS_386184a463dd,Cycle 2022-2023,PHYS_386184a463dd,Obstetrics and Gynecology,3059.0,41.61,1.0,2014-08-26
PHYS_386184a463dd,Cycle 2023-2024,PHYS_386184a463dd,Obstetrics and Gynecology,3045.0,106.26,1.0,2014-08-26
PHYS_386184a463dd,Cycle 2024-2025,PHYS_386184a463dd,Obstetrics and Gynecology,2970.0,38.75,,2014-08-26
PHYS_14f9b9c484ab,Cycle 2022-2023,PHYS_14f9b9c484ab,Cardiology,752.0,23.5,,2011-07-01
PHYS_14f9b9c484ab,Cycle 2023-2024,PHYS_14f9b9c484ab,Cardiology,803.0,22.91,1.0,2011-07-01
PHYS_14f9b9c484ab,Cycle 2024-2025,PHYS_14f9b9c484ab,Cardiology,783.0,24.31,,2011-07-01
PHYS_d2d3093fa489,Cycle 2023-2024,PHYS_d2d3093fa489,Pediatric Neurology,111.0,15.56,,2023-08-08
PHYS_d2d3093fa489,Cycle 2024-2025,PHYS_d2d3093fa489,Pediatric Neurology,293.0,18.38,,2023-08-08
PHYS_05378cdaf36f,Cycle 2022-2023,PHYS_05378cdaf36f,Pulmonary and Critical Care,1021.0,23.94,,2011-07-01
PHYS_05378cdaf36f,Cycle 2023-2024,PHYS_05378cdaf36f,Pulmonary and Critical Care,1063.0,15.73,,2011-07-01
PHYS_05378cdaf36f,Cycle 2024-2025,PHYS_05378cdaf36f,Pulmonary and Critical Care,739.0,13.22,,2011-07-01
PHYS_2a818d4619d8,Cycle 2022-2023,PHYS_2a818d4619d8,Pediatric Hematology-Oncology,469.0,193.58,,2018-09-19
PHYS_2a818d4619d8,Cycle 2023-2024,PHYS_2a818d4619d8,Pediatric Hematology-Oncology,684.0,280.17,,2018-09-19
PHYS_2a818d4619d8,Cycle 2024-2025,PHYS_2a818d4619d8,Pediatric Hematology-Oncology,620.0,240.26,,2018-09-19
PHYS_c29a281f814e,Cycle 2024-2025,PHYS_c29a281f814e,Pediatrics and Adolescent Medicine,,18.58,,2015-03-05
PHYS_e35a3c84c2fe,Cycle 2022-2023,PHYS_e35a3c84c2fe,Pediatrics and Adolescent Medicine,,39.92,,2011-07-01
PHYS_e35a3c84c2fe,Cycle 2023-2024,PHYS_e35a3c84c2fe,Pediatrics and Adolescent Medicine,,52.11,,2011-07-01
PHYS_e35a3c84c2fe,Cycle 2024-2025,PHYS_e35a3c84c2fe,Pediatrics and Adolescent Medicine,,41.01,,2011-07-01
PHYS_57b12d3fa561,Cycle 2022-2023,PHYS_57b12d3fa561,Family Medicine,745.0,35.13,,2011-07-01
PHYS_57b12d3fa561,Cycle 2023-2024,PHYS_57b12d3fa561,Family Medicine,709.0,34.62,,2011-07-01
PHYS_57b12d3fa561,Cycle 2024-2025,PHYS_57b12d3fa561,Family Medicine,685.0,35.48,,2011-07-01
PHYS_b54000757d05,Cycle 2022-2023,PHYS_b54000757d05,Dermatology,1239.0,50.27,,2018-10-01
PHYS_b54000757d05,Cycle 2023-2024,PHYS_b54000757d05,Dermatology,1453.0,89.47,,2018-10-01
PHYS_b54000757d05,Cycle 2024-2025,PHYS_b54000757d05,Dermatology,1232.0,55.63,,2018-10-01
PHYS_4ee2261d072c,Cycle 2022-2023,PHYS_4ee2261d072c,Otorhinolaryngology - Head and Neck Surgery,2128.0,11.45,,2020-01-14
PHYS_4ee2261d072c,Cycle 2023-2024,PHYS_4ee2261d072c,Otorhinolaryngology - Head and Neck Surgery,2218.0,8.93,,2020-01-14
PHYS_4ee2261d072c,Cycle 2024-2025,PHYS_4ee2261d072c,Otorhinolaryngology - Head and Neck Surgery,2374.0,9.03,,2020-01-14
PHYS_dc16685e7615,Cycle 2022-2023,PHYS_dc16685e7615,Psychiatry,287.0,15.03,,2022-09-20
PHYS_dc16685e7615,Cycle 2023-2024,PHYS_dc16685e7615,Psychiatry,836.0,38.09,,2022-09-20
PHYS_dc16685e7615,Cycle 2024-2025,PHYS_dc16685e7615,Psychiatry,798.0,37.74,,2022-09-20
PHYS_eae50c46a2b2,Cycle 2022-2023,PHYS_eae50c46a2b2,Pediatric Hematology-Oncology,521.0,194.17,,2021-12-21
PHYS_eae50c46a2b2,Cycle 2023-2024,PHYS_eae50c46a2b2,Pediatric Hematology-Oncology,762.0,219.75,,2021-12-21
PHYS_eae50c46a2b2,Cycle 2024-2025,PHYS_eae50c46a2b2,Pediatric Hematology-Oncology,587.0,153.84,,2021-12-21
PHYS_75f2f98bdf72,Cycle 2022-2023,PHYS_75f2f98bdf72,Psychiatry,1038.0,39.45,,2019-09-01
PHYS_75f2f98bdf72,Cycle 2023-2024,PHYS_75f2f98bdf72,Psychiatry,1050.0,32.56,,2019-09-01
PHYS_75f2f98bdf72,Cycle 2024-2025,PHYS_75f2f98bdf72,Psychiatry,889.0,35.26,,2019-09-01
PHYS_275b50e0b410,Cycle 2022-2023,PHYS_275b50e0b410,Obstetrics and Gynecology,989.0,27.55,,2014-01-14
PHYS_275b50e0b410,Cycle 2023-2024,PHYS_275b50e0b410,Obstetrics and Gynecology,948.0,112.43,,2014-01-14
PHYS_275b50e0b410,Cycle 2024-2025,PHYS_275b50e0b410,Obstetrics and Gynecology,973.0,26.7,,2014-01-14
PHYS_747c833974d5,Cycle 2022-2023,PHYS_747c833974d5,General Surgery,524.0,72.89,,2014-07-08
PHYS_747c833974d5,Cycle 2023-2024,PHYS_747c833974d5,General Surgery,789.0,61.6,2.0,2014-07-08
PHYS_747c833974d5,Cycle 2024-2025,PHYS_747c833974d5,General Surgery,398.0,43.16,3.0,2014-07-08
PHYS_d7f2fcf5aab1,Cycle 2022-2023,PHYS_d7f2fcf5aab1,General Surgery,193.0,47.46,,2011-07-01
PHYS_d7f2fcf5aab1,Cycle 2023-2024,PHYS_d7f2fcf5aab1,General Surgery,219.0,75.96,,2011-07-01
PHYS_d7f2fcf5aab1,Cycle 2024-2025,PHYS_d7f2fcf5aab1,General Surgery,141.0,61.18,,2011-07-01
PHYS_b871429a7b4d,Cycle 2023-2024,PHYS_b871429a7b4d,Infectious Diseases,163.0,40.75,,2022-09-20
PHYS_a4882d110f22,Cycle 2022-2023,PHYS_a4882d110f22,Pediatric Cardiology,1623.0,186.49,,2012-07-01
PHYS_a4882d110f22,Cycle 2023-2024,PHYS_a4882d110f22,Pediatric Cardiology,1760.0,283.19,,2012-07-01
PHYS_a4882d110f22,Cycle 2024-2025,PHYS_a4882d110f22,Pediatric Cardiology,1576.0,204.25,,2012-07-01
PHYS_9fee67614a36,Cycle 2023-2024,PHYS_9fee67614a36,Pediatric Cardiology,79.0,169.5,,2019-11-12
PHYS_9fee67614a36,Cycle 2024-2025,PHYS_9fee67614a36,Pediatric Cardiology,249.0,121.59,,2019-11-12
PHYS_6ba27db1e944,Cycle 2022-2023,PHYS_6ba27db1e944,Gastroenterology,2442.0,64.77,,2014-12-01
PHYS_6ba27db1e944,Cycle 2023-2024,PHYS_6ba27db1e944,Gastroenterology,2146.0,67.4,1.0,2014-12-01
PHYS_6ba27db1e944,Cycle 2024-2025,PHYS_6ba27db1e944,Gastroenterology,1342.0,61.12,,2014-12-01
PHYS_2cb7c4ef9c2d,Cycle 2022-2023,PHYS_2cb7c4ef9c2d,Vascular Surgery,1689.0,103.98,,2011-07-01
PHYS_2cb7c4ef9c2d,Cycle 2023-2024,PHYS_2cb7c4ef9c2d,Vascular Surgery,1733.0,90.25,1.0,2011-07-01
PHYS_2cb7c4ef9c2d,Cycle 2024-2025,PHYS_2cb7c4ef9c2d,Vascular Surgery,1747.0,77.53,1.0,2011-07-01
PHYS_a8a3ba9e79e5,Cycle 2022-2023,PHYS_a8a3ba9e79e5,Obstetrics and Gynecology,95.0,24.5,,2013-04-16
PHYS_a8a3ba9e79e5,Cycle 2023-2024,PHYS_a8a3ba9e79e5,Obstetrics and Gynecology,130.0,73.52,,2013-04-16
PHYS_a8a3ba9e79e5,Cycle 2024-2025,PHYS_a8a3ba9e79e5,Obstetrics and Gynecology,129.0,26.6,,2013-04-16
PHYS_17812bf2fcaf,Cycle 2023-2024,PHYS_17812bf2fcaf,Hematology-Oncology,630.0,21.39,1.0,2023-09-12
PHYS_17812bf2fcaf,Cycle 2024-2025,PHYS_17812bf2fcaf,Hematology-Oncology,1636.0,42.95,1.0,2023-09-12
PHYS_7936c3398396,Cycle 2022-2023,PHYS_7936c3398396,Psychiatry,1138.0,79.04,,2011-07-01
PHYS_7936c3398396,Cycle 2023-2024,PHYS_7936c3398396,Psychiatry,1470.0,61.18,,2011-07-01
PHYS_7936c3398396,Cycle 2024-2025,PHYS_7936c3398396,Psychiatry,1516.0,125.6,,2011-07-01
PHYS_9886ce9b1b67,Cycle 2022-2023,PHYS_9886ce9b1b67,Neonatology,859.0,29.05,,2017-08-09
PHYS_9886ce9b1b67,Cycle 2023-2024,PHYS_9886ce9b1b67,Neonatology,818.0,27.03,,2017-08-09
PHYS_9886ce9b1b67,Cycle 2024-2025,PHYS_9886ce9b1b67,Neonatology,787.0,30.25,,2017-08-09
PHYS_581bbef004e2,Cycle 2022-2023,PHYS_581bbef004e2,Gastroenterology,2254.0,42.18,,2011-07-01
PHYS_581bbef004e2,Cycle 2023-2024,PHYS_581bbef004e2,Gastroenterology,2276.0,43.1,1.0,2011-07-01
PHYS_581bbef004e2,Cycle 2024-2025,PHYS_581bbef004e2,Gastroenterology,1571.0,43.58,,2011-07-01
PHYS_d405cd7aa8ea,Cycle 2022-2023,PHYS_d405cd7aa8ea,Cardiology,1788.0,25.41,,2017-01-23
PHYS_d405cd7aa8ea,Cycle 2023-2024,PHYS_d405cd7aa8ea,Cardiology,1927.0,23.86,2.0,2017-01-23
PHYS_d405cd7aa8ea,Cycle 2024-2025,PHYS_d405cd7aa8ea,Cardiology,2021.0,25.43,1.0,2017-01-23
PHYS_9559b23f8d4b,Cycle 2022-2023,PHYS_9559b23f8d4b,Psychiatry,1958.0,47.87,,2011-07-01
PHYS_9559b23f8d4b,Cycle 2023-2024,PHYS_9559b23f8d4b,Psychiatry,2151.0,49.53,,2011-07-01
PHYS_9559b23f8d4b,Cycle 2024-2025,PHYS_9559b23f8d4b,Psychiatry,2013.0,52.6,,2011-07-01
PHYS_b329c20113ca,Cycle 2022-2023,PHYS_b329c20113ca,Nephrology,15.0,29.5,,2011-07-01
PHYS_b329c20113ca,Cycle 2023-2024,PHYS_b329c20113ca,Nephrology,24.0,25.66,,2011-07-01
PHYS_b329c20113ca,Cycle 2024-2025,PHYS_b329c20113ca,Nephrology,32.0,28.05,,2011-07-01
PHYS_7e91f7e56fd6,Cycle 2022-2023,PHYS_7e91f7e56fd6,Infectious Diseases,442.0,81.54,,2011-07-01
PHYS_7e91f7e56fd6,Cycle 2023-2024,PHYS_7e91f7e56fd6,Infectious Diseases,454.0,83.82,1.0,2011-07-01
PHYS_7e91f7e56fd6,Cycle 2024-2025,PHYS_7e91f7e56fd6,Infectious Diseases,375.0,74.98,,2011-07-01
PHYS_68bd26c55254,Cycle 2022-2023,PHYS_68bd26c55254,General Surgery,764.0,44.0,,2011-07-01
PHYS_68bd26c55254,Cycle 2023-2024,PHYS_68bd26c55254,General Surgery,818.0,47.8,1.0,2011-07-01
PHYS_68bd26c55254,Cycle 2024-2025,PHYS_68bd26c55254,General Surgery,743.0,39.81,,2011-07-01
PHYS_d91a160645c6,Cycle 2024-2025,PHYS_d91a160645c6,Plastic Surgery,443.0,59.67,,2011-07-01
PHYS_3be61421ac27,Cycle 2022-2023,PHYS_3be61421ac27,Family Medicine,1467.0,47.57,,2017-09-13
PHYS_3be61421ac27,Cycle 2023-2024,PHYS_3be61421ac27,Family Medicine,1427.0,48.7,,2017-09-13
PHYS_3be61421ac27,Cycle 2024-2025,PHYS_3be61421ac27,Family Medicine,1339.0,36.1,,2017-09-13
PHYS_90834d12f35a,Cycle 2024-2025,PHYS_90834d12f35a,Emergency Medicine,,,1.0,2012-02-01
PHYS_f357a96b073f,Cycle 2024-2025,PHYS_f357a96b073f,Otorhinolaryngology - Head and Neck Surgery,427.0,9.19,,2024-04-16
PHYS_3230e0ecc6b3,Cycle 2022-2023,PHYS_3230e0ecc6b3,Pediatric Infectious Diseases,2466.0,87.33,,2011-07-01
PHYS_3230e0ecc6b3,Cycle 2023-2024,PHYS_3230e0ecc6b3,Pediatric Infectious Diseases,1856.0,80.29,1.0,2011-07-01
PHYS_3230e0ecc6b3,Cycle 2024-2025,PHYS_3230e0ecc6b3,Pediatric Infectious Diseases,1606.0,71.47,3.0,2011-07-01
PHYS_c0ec96466136,Cycle 2022-2023,PHYS_c0ec96466136,Endocrinology,914.0,52.62,,2011-07-01
PHYS_c0ec96466136,Cycle 2023-2024,PHYS_c0ec96466136,Endocrinology,889.0,45.43,,2011-07-01
PHYS_c0ec96466136,Cycle 2024-2025,PHYS_c0ec96466136,Endocrinology,8.0,33.17,,2011-07-01
PHYS_128eb7334060,Cycle 2022-2023,PHYS_128eb7334060,Reproductive Endocrinology and Infertility,7328.0,77.79,,2011-07-01
PHYS_128eb7334060,Cycle 2023-2024,PHYS_128eb7334060,Reproductive Endocrinology and Infertility,7471.0,122.27,1.0,2011-07-01
PHYS_128eb7334060,Cycle 2024-2025,PHYS_128eb7334060,Reproductive Endocrinology and Infertility,6904.0,80.2,1.0,2011-07-01
PHYS_cb0a8cb3e016,Cycle 2022-2023,PHYS_cb0a8cb3e016,Psychiatry,196.0,59.25,,2014-08-11
PHYS_cb0a8cb3e016,Cycle 2023-2024,PHYS_cb0a8cb3e016,Psychiatry,203.0,77.53,,2014-08-11
PHYS_cb0a8cb3e016,Cycle 2024-2025,PHYS_cb0a8cb3e016,Psychiatry,305.0,57.86,,2014-08-11
PHYS_97b131d8958d,Cycle 2024-2025,PHYS_97b131d8958d,Internal Medicine,343.0,41.33,,2024-03-12
PHYS_3046138e37d2,Cycle 2022-2023,PHYS_3046138e37d2,General Surgery,203.0,51.98,,2011-07-01
PHYS_3046138e37d2,Cycle 2023-2024,PHYS_3046138e37d2,General Surgery,120.0,69.64,,2011-07-01
PHYS_3046138e37d2,Cycle 2024-2025,PHYS_3046138e37d2,General Surgery,72.0,82.64,,2011-07-01
PHYS_6ed006a1754d,Cycle 2024-2025,PHYS_6ed006a1754d,Family Medicine,121.0,12.35,,2024-08-15
PHYS_e89c61e87d73,Cycle 2022-2023,PHYS_e89c61e87d73,Family Medicine,1460.0,38.81,,2011-07-01
PHYS_e89c61e87d73,Cycle 2023-2024,PHYS_e89c61e87d73,Family Medicine,1207.0,140.89,,2011-07-01
PHYS_e89c61e87d73,Cycle 2024-2025,PHYS_e89c61e87d73,Family Medicine,1210.0,35.36,,2011-07-01
PHYS_d8edd729a644,Cycle 2022-2023,PHYS_d8edd729a644,Neurosurgery,1668.0,102.0,,2011-07-01
PHYS_d8edd729a644,Cycle 2023-2024,PHYS_d8edd729a644,Neurosurgery,1659.0,88.21,2.0,2011-07-01
PHYS_d8edd729a644,Cycle 2024-2025,PHYS_d8edd729a644,Neurosurgery,1233.0,78.72,2.0,2011-07-01
PHYS_35d232ae4201,Cycle 2022-2023,PHYS_35d232ae4201,Otorhinolaryngology - Head and Neck Surgery,3301.0,15.85,,2011-07-01
PHYS_35d232ae4201,Cycle 2023-2024,PHYS_35d232ae4201,Otorhinolaryngology - Head and Neck Surgery,3195.0,11.82,,2011-07-01
PHYS_35d232ae4201,Cycle 2024-2025,PHYS_35d232ae4201,Otorhinolaryngology - Head and Neck Surgery,3041.0,10.61,,2011-07-01
PHYS_674ccaddbf58,Cycle 2022-2023,PHYS_674ccaddbf58,Hematology-Oncology,2342.0,57.41,1.0,2014-06-09
PHYS_674ccaddbf58,Cycle 2023-2024,PHYS_674ccaddbf58,Hematology-Oncology,2314.0,65.18,1.0,2014-06-09
PHYS_674ccaddbf58,Cycle 2024-2025,PHYS_674ccaddbf58,Hematology-Oncology,1948.0,44.51,,2014-06-09
PHYS_7e84a74a69f8,Cycle 2022-2023,PHYS_7e84a74a69f8,Pulmonary and Critical Care,235.0,26.46,,2020-09-08
PHYS_7e84a74a69f8,Cycle 2023-2024,PHYS_7e84a74a69f8,Pulmonary and Critical Care,281.0,19.46,,2020-09-08
PHYS_7e84a74a69f8,Cycle 2024-2025,PHYS_7e84a74a69f8,Pulmonary and Critical Care,249.0,13.41,1.0,2020-09-08
PHYS_b55c7f237e30,Cycle 2022-2023,PHYS_b55c7f237e30,Cardiology,1809.0,35.57,,2011-07-01
PHYS_b55c7f237e30,Cycle 2023-2024,PHYS_b55c7f237e30,Cardiology,2045.0,30.72,2.0,2011-07-01
PHYS_b55c7f237e30,Cycle 2024-2025,PHYS_b55c7f237e30,Cardiology,1903.0,35.46,2.0,2011-07-01
PHYS_c3c94ba18c88,Cycle 2022-2023,PHYS_c3c94ba18c88,Neurosurgery,2134.0,74.79,,2018-03-01
PHYS_c3c94ba18c88,Cycle 2023-2024,PHYS_c3c94ba18c88,Neurosurgery,2632.0,73.51,,2018-03-01
PHYS_c3c94ba18c88,Cycle 2024-2025,PHYS_c3c94ba18c88,Neurosurgery,2578.0,74.8,1.0,2018-03-01
PHYS_1d0fc2c6d865,Cycle 2022-2023,PHYS_1d0fc2c6d865,Neurology,1760.0,52.45,,2021-07-13
PHYS_1d0fc2c6d865,Cycle 2023-2024,PHYS_1d0fc2c6d865,Neurology,1916.0,52.27,,2021-07-13
PHYS_1d0fc2c6d865,Cycle 2024-2025,PHYS_1d0fc2c6d865,Neurology,1552.0,50.46,,2021-07-13
PHYS_d44da182a73e,Cycle 2022-2023,PHYS_d44da182a73e,Geriatrics,66.0,18.2,,2011-07-01
PHYS_d44da182a73e,Cycle 2023-2024,PHYS_d44da182a73e,Geriatrics,68.0,31.02,,2011-07-01
PHYS_78f68b679b71,Cycle 2024-2025,PHYS_78f68b679b71,Diagnostic Radiology,,,1.0,2018-02-14
PHYS_22a4caf9c4c7,Cycle 2022-2023,PHYS_22a4caf9c4c7,Hematology-Oncology,1428.0,60.15,,2019-06-18
PHYS_22a4caf9c4c7,Cycle 2023-2024,PHYS_22a4caf9c4c7,Hematology-Oncology,1396.0,57.37,,2019-06-18
PHYS_22a4caf9c4c7,Cycle 2024-2025,PHYS_22a4caf9c4c7,Hematology-Oncology,1302.0,57.18,,2019-06-18
PHYS_79ec7590afb8,Cycle 2022-2023,PHYS_79ec7590afb8,Orthodontics,547.0,15.0,,2015-01-13
PHYS_79ec7590afb8,Cycle 2023-2024,PHYS_79ec7590afb8,Orthodontics,707.0,32.0,,2015-01-13
PHYS_79ec7590afb8,Cycle 2024-2025,PHYS_79ec7590afb8,Orthodontics,653.0,21.0,,2015-01-13
PHYS_3a98098f852a,Cycle 2022-2023,PHYS_3a98098f852a,Pediatric Hematology-Oncology,110.0,121.75,,2011-07-01
PHYS_3a98098f852a,Cycle 2023-2024,PHYS_3a98098f852a,Pediatric Hematology-Oncology,374.0,302.4,,2011-07-01
PHYS_b69d31e2be04,Cycle 2022-2023,PHYS_b69d31e2be04,Vitreo-Retinal surgery,650.0,63.56,,2011-07-01
PHYS_b69d31e2be04,Cycle 2023-2024,PHYS_b69d31e2be04,Vitreo-Retinal surgery,202.0,46.91,,2011-07-01
PHYS_b69d31e2be04,Cycle 2024-2025,PHYS_b69d31e2be04,Vitreo-Retinal surgery,45.0,21.57,,2011-07-01
PHYS_d980aca02559,Cycle 2022-2023,PHYS_d980aca02559,Family Medicine,1988.0,24.16,,2020-08-18
PHYS_d980aca02559,Cycle 2023-2024,PHYS_d980aca02559,Family Medicine,1750.0,23.48,,2020-08-18
PHYS_d980aca02559,Cycle 2024-2025,PHYS_d980aca02559,Family Medicine,1649.0,27.05,,2020-08-18
PHYS_59fb37f7b82b,Cycle 2022-2023,PHYS_59fb37f7b82b,Cardiology,63.0,27.88,,2011-07-01
PHYS_59fb37f7b82b,Cycle 2023-2024,PHYS_59fb37f7b82b,Cardiology,20.0,16.1,,2011-07-01
PHYS_5f5a9e7bd1e2,Cycle 2022-2023,PHYS_5f5a9e7bd1e2,Pediatric Endocrinology,2909.0,74.84,,2011-07-01
PHYS_5f5a9e7bd1e2,Cycle 2023-2024,PHYS_5f5a9e7bd1e2,Pediatric Endocrinology,3115.0,68.97,4.0,2011-07-01
PHYS_5f5a9e7bd1e2,Cycle 2024-2025,PHYS_5f5a9e7bd1e2,Pediatric Endocrinology,2844.0,78.19,,2011-07-01
PHYS_8577099393e3,Cycle 2022-2023,PHYS_8577099393e3,Hematology-Oncology,595.0,54.17,2.0,2019-09-16
PHYS_8577099393e3,Cycle 2023-2024,PHYS_8577099393e3,Hematology-Oncology,861.0,52.57,2.0,2019-09-16
PHYS_8577099393e3,Cycle 2024-2025,PHYS_8577099393e3,Hematology-Oncology,762.0,54.9,3.0,2019-09-16
PHYS_8d8e97de6a84,Cycle 2022-2023,PHYS_8d8e97de6a84,Pulmonary and Critical Care,1539.0,19.61,,2011-07-01
PHYS_8d8e97de6a84,Cycle 2023-2024,PHYS_8d8e97de6a84,Pulmonary and Critical Care,1435.0,15.24,,2011-07-01
PHYS_8d8e97de6a84,Cycle 2024-2025,PHYS_8d8e97de6a84,Pulmonary and Critical Care,1045.0,12.11,,2011-07-01
PHYS_962bd8579c2a,Cycle 2024-2025,PHYS_962bd8579c2a,Orthopaedic Surgery,882.0,41.9,1.0,2024-07-09
PHYS_a181ee51a3bd,Cycle 2022-2023,PHYS_a181ee51a3bd,Endocrinology,3139.0,25.93,,2011-07-01
PHYS_a181ee51a3bd,Cycle 2023-2024,PHYS_a181ee51a3bd,Endocrinology,2654.0,25.78,,2011-07-01
PHYS_5a6d025ce91f,Cycle 2022-2023,PHYS_5a6d025ce91f,Maternal-Fetal Medicine,2344.0,62.57,,2011-07-01
PHYS_5a6d025ce91f,Cycle 2023-2024,PHYS_5a6d025ce91f,Maternal-Fetal Medicine,2318.0,203.72,2.0,2011-07-01
PHYS_5a6d025ce91f,Cycle 2024-2025,PHYS_5a6d025ce91f,Maternal-Fetal Medicine,2075.0,30.65,1.0,2011-07-01
PHYS_4a8090d81fa2,Cycle 2022-2023,PHYS_4a8090d81fa2,Rheumatology,4598.0,54.4,,2011-07-01
PHYS_4a8090d81fa2,Cycle 2023-2024,PHYS_4a8090d81fa2,Rheumatology,4651.0,47.58,,2011-07-01
PHYS_4a8090d81fa2,Cycle 2024-2025,PHYS_4a8090d81fa2,Rheumatology,1883.0,23.05,,2011-07-01
PHYS_c095cef8c27f,Cycle 2023-2024,PHYS_c095cef8c27f,General Surgery,,,1.0,2011-07-01
PHYS_c095cef8c27f,Cycle 2024-2025,PHYS_c095cef8c27f,General Surgery,,,2.0,2011-07-01
PHYS_0a63f66fcd2d,Cycle 2022-2023,PHYS_0a63f66fcd2d,Family Medicine,2474.0,43.65,,2011-07-01
PHYS_0a63f66fcd2d,Cycle 2023-2024,PHYS_0a63f66fcd2d,Family Medicine,2094.0,37.31,,2011-07-01
PHYS_0a63f66fcd2d,Cycle 2024-2025,PHYS_0a63f66fcd2d,Family Medicine,1654.0,41.35,,2011-07-01
PHYS_41b703870205,Cycle 2022-2023,PHYS_41b703870205,Dermatology,1064.0,47.54,,2017-01-01
PHYS_41b703870205,Cycle 2023-2024,PHYS_41b703870205,Dermatology,1235.0,46.05,,2017-01-01
PHYS_41b703870205,Cycle 2024-2025,PHYS_41b703870205,Dermatology,1208.0,48.3,,2017-01-01
PHYS_e5fce5405103,Cycle 2022-2023,PHYS_e5fce5405103,Cardiothoracic Surgery,,52.0,,2018-02-14
PHYS_8b430a0c69bc,Cycle 2022-2023,PHYS_8b430a0c69bc,Hematology-Oncology,904.0,66.48,,2015-04-23
PHYS_8b430a0c69bc,Cycle 2023-2024,PHYS_8b430a0c69bc,Hematology-Oncology,1066.0,69.43,3.0,2015-04-23
PHYS_8b430a0c69bc,Cycle 2024-2025,PHYS_8b430a0c69bc,Hematology-Oncology,1028.0,60.68,,2015-04-23
PHYS_b6b7b2f9ec57,Cycle 2022-2023,PHYS_b6b7b2f9ec57,Orthodontics,3678.0,94.22,,2011-07-01
PHYS_b6b7b2f9ec57,Cycle 2023-2024,PHYS_b6b7b2f9ec57,Orthodontics,4277.0,146.02,,2011-07-01
PHYS_b6b7b2f9ec57,Cycle 2024-2025,PHYS_b6b7b2f9ec57,Orthodontics,4175.0,61.68,,2011-07-01
PHYS_121eb1f56864,Cycle 2024-2025,PHYS_121eb1f56864,Corneal/Refractive Surgery,17.0,,,2024-08-01
PHYS_94bbf5d2e8eb,Cycle 2022-2023,PHYS_94bbf5d2e8eb,Vascular Surgery,1190.0,68.07,,2011-07-01
PHYS_94bbf5d2e8eb,Cycle 2023-2024,PHYS_94bbf5d2e8eb,Vascular Surgery,1268.0,92.29,,2011-07-01
PHYS_94bbf5d2e8eb,Cycle 2024-2025,PHYS_94bbf5d2e8eb,Vascular Surgery,1178.0,83.48,,2011-07-01
PHYS_181ce205eac5,Cycle 2022-2023,PHYS_181ce205eac5,Family Medicine,1528.0,33.53,,2011-07-01
PHYS_181ce205eac5,Cycle 2023-2024,PHYS_181ce205eac5,Family Medicine,1618.0,42.06,,2011-07-01
PHYS_181ce205eac5,Cycle 2024-2025,PHYS_181ce205eac5,Family Medicine,1555.0,35.07,,2011-07-01
PHYS_04f7a28faaf6,Cycle 2022-2023,PHYS_04f7a28faaf6,Pediatric Critical Care,80.0,72.43,,2021-07-13
PHYS_04f7a28faaf6,Cycle 2023-2024,PHYS_04f7a28faaf6,Pediatric Critical Care,101.0,53.09,,2021-07-13
PHYS_04f7a28faaf6,Cycle 2024-2025,PHYS_04f7a28faaf6,Pediatric Critical Care,109.0,68.85,,2021-07-13
PHYS_3092b5fd6b03,Cycle 2022-2023,PHYS_3092b5fd6b03,Family Medicine,2244.0,60.58,,2011-07-01
PHYS_3092b5fd6b03,Cycle 2023-2024,PHYS_3092b5fd6b03,Family Medicine,2317.0,55.66,,2011-07-01
PHYS_3092b5fd6b03,Cycle 2024-2025,PHYS_3092b5fd6b03,Family Medicine,1634.0,59.56,,2011-07-01
PHYS_66c9388ca309,Cycle 2022-2023,PHYS_66c9388ca309,Corneal/Refractive Surgery,2425.0,50.21,,2017-09-13
PHYS_66c9388ca309,Cycle 2023-2024,PHYS_66c9388ca309,Corneal/Refractive Surgery,2599.0,48.04,,2017-09-13
PHYS_66c9388ca309,Cycle 2024-2025,PHYS_66c9388ca309,Corneal/Refractive Surgery,2566.0,53.17,,2017-09-13
PHYS_1f2767fa9421,Cycle 2022-2023,PHYS_1f2767fa9421,Neurology,2.0,2.5,,2015-10-13
PHYS_1f2767fa9421,Cycle 2023-2024,PHYS_1f2767fa9421,Neurology,4.0,,,2015-10-13
PHYS_1f2767fa9421,Cycle 2024-2025,PHYS_1f2767fa9421,Neurology,2.0,48.0,,2015-10-13
PHYS_62f1bae5c53b,Cycle 2022-2023,PHYS_62f1bae5c53b,Family Medicine,1055.0,64.76,,2011-07-01
PHYS_62f1bae5c53b,Cycle 2023-2024,PHYS_62f1bae5c53b,Family Medicine,1078.0,50.77,,2011-07-01
PHYS_62f1bae5c53b,Cycle 2024-2025,PHYS_62f1bae5c53b,Family Medicine,1096.0,51.28,,2011-07-01
PHYS_2b39351adae2,Cycle 2022-2023,PHYS_2b39351adae2,Neonatology,962.0,67.27,,2011-07-01
PHYS_2b39351adae2,Cycle 2023-2024,PHYS_2b39351adae2,Neonatology,777.0,66.14,,2011-07-01
PHYS_2b39351adae2,Cycle 2024-2025,PHYS_2b39351adae2,Neonatology,625.0,60.21,,2011-07-01
PHYS_a7715e5b65f0,Cycle 2022-2023,PHYS_a7715e5b65f0,Gastroenterology,1325.0,43.03,,2011-07-01
PHYS_a7715e5b65f0,Cycle 2023-2024,PHYS_a7715e5b65f0,Gastroenterology,1339.0,67.35,,2011-07-01
PHYS_a7715e5b65f0,Cycle 2024-2025,PHYS_a7715e5b65f0,Gastroenterology,1064.0,62.64,,2011-07-01
PHYS_22e7165ee7c8,Cycle 2022-2023,PHYS_22e7165ee7c8,Pediatric Pulmonology,,53.61,,2017-12-01
PHYS_22e7165ee7c8,Cycle 2023-2024,PHYS_22e7165ee7c8,Pediatric Pulmonology,,49.63,,2017-12-01
PHYS_22e7165ee7c8,Cycle 2024-2025,PHYS_22e7165ee7c8,Pediatric Pulmonology,,44.42,,2017-12-01
PHYS_b6f8dfc141bf,Cycle 2024-2025,PHYS_b6f8dfc141bf,Emergency Medicine,,,1.0,2012-09-11
PHYS_ef6863b21a42,Cycle 2022-2023,PHYS_ef6863b21a42,Obstetrics and Gynecology,150.0,19.36,,2011-07-01
PHYS_ef6863b21a42,Cycle 2023-2024,PHYS_ef6863b21a42,Obstetrics and Gynecology,308.0,214.79,,2011-07-01
PHYS_ef6863b21a42,Cycle 2024-2025,PHYS_ef6863b21a42,Obstetrics and Gynecology,219.0,58.58,1.0,2011-07-01
PHYS_37bbf38d2487,Cycle 2022-2023,PHYS_37bbf38d2487,Dentofacial Medicine,136.0,128.5,,2021-10-12
PHYS_37bbf38d2487,Cycle 2023-2024,PHYS_37bbf38d2487,Dentofacial Medicine,189.0,162.33,,2021-10-12
PHYS_37bbf38d2487,Cycle 2024-2025,PHYS_37bbf38d2487,Dentofacial Medicine,220.0,105.5,,2021-10-12
PHYS_baf99bfa461c,Cycle 2022-2023,PHYS_baf99bfa461c,Orthodontics,2167.0,174.5,,2019-02-12
PHYS_baf99bfa461c,Cycle 2023-2024,PHYS_baf99bfa461c,Orthodontics,1187.0,,,2019-02-12
PHYS_baf99bfa461c,Cycle 2024-2025,PHYS_baf99bfa461c,Orthodontics,1098.0,63.0,,2019-02-12
PHYS_de3a95430804,Cycle 2022-2023,PHYS_de3a95430804,Psychiatry,801.0,26.98,,2011-07-01
PHYS_de3a95430804,Cycle 2023-2024,PHYS_de3a95430804,Psychiatry,759.0,25.62,,2011-07-01
PHYS_de3a95430804,Cycle 2024-2025,PHYS_de3a95430804,Psychiatry,838.0,31.82,,2011-07-01
PHYS_90673957dd97,Cycle 2022-2023,PHYS_90673957dd97,Neonatology,1062.0,61.48,,2011-07-01
PHYS_90673957dd97,Cycle 2023-2024,PHYS_90673957dd97,Neonatology,816.0,48.55,,2011-07-01
PHYS_90673957dd97,Cycle 2024-2025,PHYS_90673957dd97,Neonatology,700.0,49.45,,2011-07-01
PHYS_188031344e32,Cycle 2022-2023,PHYS_188031344e32,Psychiatry,464.0,34.1,,2011-07-01
PHYS_188031344e32,Cycle 2023-2024,PHYS_188031344e32,Psychiatry,449.0,36.94,1.0,2011-07-01
PHYS_188031344e32,Cycle 2024-2025,PHYS_188031344e32,Psychiatry,365.0,43.94,,2011-07-01
PHYS_e8a101cecaa6,Cycle 2022-2023,PHYS_e8a101cecaa6,Radiation Oncology,438.0,32.9,,2021-10-12
PHYS_e8a101cecaa6,Cycle 2023-2024,PHYS_e8a101cecaa6,Radiation Oncology,549.0,40.45,,2021-10-12
PHYS_e8a101cecaa6,Cycle 2024-2025,PHYS_e8a101cecaa6,Radiation Oncology,254.0,39.47,,2021-10-12
PHYS_d260fe146704,Cycle 2023-2024,PHYS_d260fe146704,Pediatric Neurology,193.0,19.84,,2023-09-12
PHYS_d260fe146704,Cycle 2024-2025,PHYS_d260fe146704,Pediatric Neurology,357.0,31.61,,2023-09-12
PHYS_567629932304,Cycle 2022-2023,PHYS_567629932304,Orthodontics,223.0,,,2019-02-12
PHYS_567629932304,Cycle 2023-2024,PHYS_567629932304,Orthodontics,71.0,30.0,,2019-02-12
PHYS_567629932304,Cycle 2024-2025,PHYS_567629932304,Orthodontics,542.0,,,2019-02-12
PHYS_f0b1ece20702,Cycle 2022-2023,PHYS_f0b1ece20702,Pediatric Hematology-Oncology,602.0,234.17,1.0,2011-07-01
PHYS_f0b1ece20702,Cycle 2023-2024,PHYS_f0b1ece20702,Pediatric Hematology-Oncology,818.0,257.55,,2011-07-01
PHYS_f0b1ece20702,Cycle 2024-2025,PHYS_f0b1ece20702,Pediatric Hematology-Oncology,730.0,233.3,,2011-07-01
PHYS_9c82245b0a5d,Cycle 2024-2025,PHYS_9c82245b0a5d,Urology,109.0,29.38,,2024-11-01
PHYS_c8d7210f1fe6,Cycle 2022-2023,PHYS_c8d7210f1fe6,Pediatric Cardiology,1146.0,80.43,,2011-07-01
PHYS_c8d7210f1fe6,Cycle 2023-2024,PHYS_c8d7210f1fe6,Pediatric Cardiology,1222.0,62.63,,2011-07-01
PHYS_c8d7210f1fe6,Cycle 2024-2025,PHYS_c8d7210f1fe6,Pediatric Cardiology,1219.0,46.65,,2011-07-01
PHYS_05d7d01a4662,Cycle 2022-2023,PHYS_05d7d01a4662,Psychiatry,887.0,45.44,,2019-02-20
PHYS_05d7d01a4662,Cycle 2023-2024,PHYS_05d7d01a4662,Psychiatry,221.0,26.73,2.0,2019-02-20
PHYS_05d7d01a4662,Cycle 2024-2025,PHYS_05d7d01a4662,Psychiatry,59.0,20.95,,2019-02-20
PHYS_9ae8114ad5ec,Cycle 2022-2023,PHYS_9ae8114ad5ec,Psychiatry,648.0,41.22,,2018-06-14
PHYS_9ae8114ad5ec,Cycle 2023-2024,PHYS_9ae8114ad5ec,Psychiatry,610.0,45.9,,2018-06-14
PHYS_9ae8114ad5ec,Cycle 2024-2025,PHYS_9ae8114ad5ec,Psychiatry,590.0,37.82,,2018-06-14
PHYS_abc008f2ef9c,Cycle 2023-2024,PHYS_abc008f2ef9c,Urology,1.0,31.0,1.0,2011-07-01
PHYS_abc008f2ef9c,Cycle 2024-2025,PHYS_abc008f2ef9c,Urology,1.0,131.0,3.0,2011-07-01
PHYS_1f0f25eeec49,Cycle 2022-2023,PHYS_1f0f25eeec49,Endocrinology,1021.0,101.81,,2016-07-20
PHYS_1f0f25eeec49,Cycle 2023-2024,PHYS_1f0f25eeec49,Endocrinology,1136.0,86.27,,2016-07-20
PHYS_1f0f25eeec49,Cycle 2024-2025,PHYS_1f0f25eeec49,Endocrinology,1231.0,74.08,,2016-07-20
PHYS_5f752ce1a40c,Cycle 2022-2023,PHYS_5f752ce1a40c,Nephrology,381.0,39.4,,2011-07-01
PHYS_5f752ce1a40c,Cycle 2023-2024,PHYS_5f752ce1a40c,Nephrology,358.0,30.46,,2011-07-01
PHYS_5f752ce1a40c,Cycle 2024-2025,PHYS_5f752ce1a40c,Nephrology,378.0,32.06,1.0,2011-07-01
PHYS_2873d0155fae,Cycle 2022-2023,PHYS_2873d0155fae,Dentofacial Medicine,105.0,,,2021-12-21
PHYS_2873d0155fae,Cycle 2023-2024,PHYS_2873d0155fae,Dentofacial Medicine,162.0,,,2021-12-21
PHYS_2873d0155fae,Cycle 2024-2025,PHYS_2873d0155fae,Dentofacial Medicine,167.0,,,2021-12-21
PHYS_be5415a2e5dd,Cycle 2023-2024,PHYS_be5415a2e5dd,Family Medicine,358.0,29.13,,2011-07-01
PHYS_be5415a2e5dd,Cycle 2024-2025,PHYS_be5415a2e5dd,Family Medicine,1434.0,23.07,,2011-07-01
PHYS_0e2a403e9a4c,Cycle 2023-2024,PHYS_0e2a403e9a4c,Diagnostic Radiology,,,1.0,2013-11-12
PHYS_5da79e318b50,Cycle 2023-2024,PHYS_5da79e318b50,Pediatric Neurology,366.0,33.04,,2023-02-21
PHYS_5da79e318b50,Cycle 2024-2025,PHYS_5da79e318b50,Pediatric Neurology,120.0,18.53,,2023-02-21
PHYS_1ebf0ed0a490,Cycle 2024-2025,PHYS_1ebf0ed0a490,General Surgery,,,1.0,2011-07-01
PHYS_ab15099660cd,Cycle 2022-2023,PHYS_ab15099660cd,Orthodontics,57.0,,,2011-07-01
PHYS_ab15099660cd,Cycle 2023-2024,PHYS_ab15099660cd,Orthodontics,86.0,110.5,,2011-07-01
PHYS_ab15099660cd,Cycle 2024-2025,PHYS_ab15099660cd,Orthodontics,73.0,8.5,,2011-07-01
PHYS_80aa02b15871,Cycle 2022-2023,PHYS_80aa02b15871,Gynecologic Oncology,100.0,118.67,,2011-07-01
PHYS_2f693cd39f3a,Cycle 2022-2023,PHYS_2f693cd39f3a,Cardiology,1602.0,27.28,,2011-07-01
PHYS_2f693cd39f3a,Cycle 2023-2024,PHYS_2f693cd39f3a,Cardiology,1485.0,28.91,,2011-07-01
PHYS_2f693cd39f3a,Cycle 2024-2025,PHYS_2f693cd39f3a,Cardiology,1621.0,33.16,1.0,2011-07-01
PHYS_ff23e6d53ea5,Cycle 2022-2023,PHYS_ff23e6d53ea5,Dermatology,2174.0,30.13,,2011-07-01
PHYS_ff23e6d53ea5,Cycle 2023-2024,PHYS_ff23e6d53ea5,Dermatology,2667.0,19.58,,2011-07-01
PHYS_ff23e6d53ea5,Cycle 2024-2025,PHYS_ff23e6d53ea5,Dermatology,2550.0,23.77,,2011-07-01
PHYS_619b3b7381eb,Cycle 2022-2023,PHYS_619b3b7381eb,General Surgery,1907.0,53.39,,2011-07-01
PHYS_619b3b7381eb,Cycle 2023-2024,PHYS_619b3b7381eb,General Surgery,1726.0,53.99,3.0,2011-07-01
PHYS_619b3b7381eb,Cycle 2024-2025,PHYS_619b3b7381eb,General Surgery,1498.0,42.97,2.0,2011-07-01
PHYS_f8e4d4614698,Cycle 2024-2025,PHYS_f8e4d4614698,General Surgery,576.0,37.74,,2024-01-09
PHYS_2401bb3f8ee0,Cycle 2022-2023,PHYS_2401bb3f8ee0,Rheumatology,2164.0,82.35,,2016-09-16
PHYS_2401bb3f8ee0,Cycle 2023-2024,PHYS_2401bb3f8ee0,Rheumatology,2220.0,77.07,,2016-09-16
PHYS_2401bb3f8ee0,Cycle 2024-2025,PHYS_2401bb3f8ee0,Rheumatology,914.0,43.63,,2016-09-16
PHYS_9e79106aa20e,Cycle 2022-2023,PHYS_9e79106aa20e,Otorhinolaryngology - Head and Neck Surgery,1960.0,18.54,,2022-05-10
PHYS_9e79106aa20e,Cycle 2023-2024,PHYS_9e79106aa20e,Otorhinolaryngology - Head and Neck Surgery,2502.0,12.46,,2022-05-10
PHYS_9e79106aa20e,Cycle 2024-2025,PHYS_9e79106aa20e,Otorhinolaryngology - Head and Neck Surgery,2342.0,12.63,,2022-05-10
PHYS_1043138b4084,Cycle 2022-2023,PHYS_1043138b4084,Pediatrics and Adolescent Medicine,,27.52,,2011-07-01
PHYS_1043138b4084,Cycle 2023-2024,PHYS_1043138b4084,Pediatrics and Adolescent Medicine,,24.73,,2011-07-01
PHYS_1043138b4084,Cycle 2024-2025,PHYS_1043138b4084,Pediatrics and Adolescent Medicine,,36.19,,2011-07-01
PHYS_99cce52880ad,Cycle 2023-2024,PHYS_99cce52880ad,Orthopaedic Surgery,2395.0,71.77,,2023-02-01
PHYS_99cce52880ad,Cycle 2024-2025,PHYS_99cce52880ad,Orthopaedic Surgery,2998.0,69.21,,2023-02-01
PHYS_81fe7e66b681,Cycle 2022-2023,PHYS_81fe7e66b681,Neurosurgery,1647.0,67.11,,2011-07-01
PHYS_81fe7e66b681,Cycle 2023-2024,PHYS_81fe7e66b681,Neurosurgery,1595.0,63.3,,2011-07-01
PHYS_81fe7e66b681,Cycle 2024-2025,PHYS_81fe7e66b681,Neurosurgery,1644.0,62.14,2.0,2011-07-01
PHYS_20d06ace891d,Cycle 2022-2023,PHYS_20d06ace891d,Endocrinology,1497.0,55.73,,2011-07-01
PHYS_20d06ace891d,Cycle 2023-2024,PHYS_20d06ace891d,Endocrinology,1545.0,53.25,,2011-07-01
PHYS_20d06ace891d,Cycle 2024-2025,PHYS_20d06ace891d,Endocrinology,2002.0,48.36,,2011-07-01
PHYS_0f5fcee5afc6,Cycle 2022-2023,PHYS_0f5fcee5afc6,Pediatric Critical Care,1492.0,25.42,,2011-07-01
PHYS_0f5fcee5afc6,Cycle 2023-2024,PHYS_0f5fcee5afc6,Pediatric Critical Care,1602.0,26.04,,2011-07-01
PHYS_0f5fcee5afc6,Cycle 2024-2025,PHYS_0f5fcee5afc6,Pediatric Critical Care,1376.0,23.24,,2011-07-01
PHYS_53548c7a9704,Cycle 2022-2023,PHYS_53548c7a9704,Family Medicine,2110.0,24.78,,2011-07-01
PHYS_53548c7a9704,Cycle 2023-2024,PHYS_53548c7a9704,Family Medicine,2095.0,26.29,,2011-07-01
PHYS_53548c7a9704,Cycle 2024-2025,PHYS_53548c7a9704,Family Medicine,2449.0,24.26,,2011-07-01
PHYS_1a041c68d4b7,Cycle 2022-2023,PHYS_1a041c68d4b7,Pediatric Neurology,394.0,30.65,,2016-08-18
PHYS_3847a8e22a9f,Cycle 2022-2023,PHYS_3847a8e22a9f,Cardiothoracic Surgery,20.0,112.84,,2011-07-01
PHYS_3847a8e22a9f,Cycle 2023-2024,PHYS_3847a8e22a9f,Cardiothoracic Surgery,58.0,314.88,,2011-07-01
PHYS_3847a8e22a9f,Cycle 2024-2025,PHYS_3847a8e22a9f,Cardiothoracic Surgery,54.0,199.23,,2011-07-01
PHYS_0c6befa9bb8a,Cycle 2022-2023,PHYS_0c6befa9bb8a,Family Medicine,1874.0,78.49,,2012-03-01
PHYS_0c6befa9bb8a,Cycle 2023-2024,PHYS_0c6befa9bb8a,Family Medicine,2269.0,76.05,,2012-03-01
PHYS_0c6befa9bb8a,Cycle 2024-2025,PHYS_0c6befa9bb8a,Family Medicine,2322.0,63.62,,2012-03-01
PHYS_727b93c1b6a7,Cycle 2022-2023,PHYS_727b93c1b6a7,Cardiology,1542.0,35.01,,2012-08-01
PHYS_727b93c1b6a7,Cycle 2023-2024,PHYS_727b93c1b6a7,Cardiology,1483.0,32.78,2.0,2012-08-01
PHYS_727b93c1b6a7,Cycle 2024-2025,PHYS_727b93c1b6a7,Cardiology,1299.0,38.04,1.0,2012-08-01
PHYS_d85b718fdd5d,Cycle 2022-2023,PHYS_d85b718fdd5d,Endocrinology,3572.0,51.63,,2011-07-01
PHYS_d85b718fdd5d,Cycle 2023-2024,PHYS_d85b718fdd5d,Endocrinology,3194.0,46.37,,2011-07-01
PHYS_d85b718fdd5d,Cycle 2024-2025,PHYS_d85b718fdd5d,Endocrinology,2892.0,47.05,,2011-07-01
PHYS_4187a56a3550,Cycle 2024-2025,PHYS_4187a56a3550,Hematology-Oncology,101.0,15.29,,2024-10-01
PHYS_f4a3c5b0c273,Cycle 2024-2025,PHYS_f4a3c5b0c273,General Surgery,31.0,19.31,,2024-10-01
PHYS_ef036574887c,Cycle 2023-2024,PHYS_ef036574887c,Pediatric Ophthalmology & Motility,1.0,1305.0,,2011-07-01
PHYS_969f594978e0,Cycle 2022-2023,PHYS_969f594978e0,Orthodontics,18.0,,,2013-10-08
PHYS_969f594978e0,Cycle 2023-2024,PHYS_969f594978e0,Orthodontics,31.0,70.0,,2013-10-08
PHYS_969f594978e0,Cycle 2024-2025,PHYS_969f594978e0,Orthodontics,5.0,,,2013-10-08
PHYS_b28e5dc1b6a6,Cycle 2022-2023,PHYS_b28e5dc1b6a6,Dentofacial Medicine,112.0,43.67,,2011-07-01
PHYS_b28e5dc1b6a6,Cycle 2023-2024,PHYS_b28e5dc1b6a6,Dentofacial Medicine,87.0,34.0,,2011-07-01
PHYS_b28e5dc1b6a6,Cycle 2024-2025,PHYS_b28e5dc1b6a6,Dentofacial Medicine,90.0,,,2011-07-01
PHYS_3d4ce6827916,Cycle 2022-2023,PHYS_3d4ce6827916,General Internal Medicine and Geriatrics,330.0,27.47,,2021-09-14
PHYS_3d4ce6827916,Cycle 2023-2024,PHYS_3d4ce6827916,General Internal Medicine and Geriatrics,425.0,40.17,,2021-09-14
PHYS_3d4ce6827916,Cycle 2024-2025,PHYS_3d4ce6827916,General Internal Medicine and Geriatrics,445.0,39.07,,2021-09-14
PHYS_b73bb0f57f0a,Cycle 2022-2023,PHYS_b73bb0f57f0a,Orthodontics,65.0,43.67,,2011-07-01
PHYS_b73bb0f57f0a,Cycle 2023-2024,PHYS_b73bb0f57f0a,Orthodontics,36.0,,,2011-07-01
PHYS_b73bb0f57f0a,Cycle 2024-2025,PHYS_b73bb0f57f0a,Orthodontics,65.0,19.0,,2011-07-01
PHYS_3ed9f4f595ea,Cycle 2022-2023,PHYS_3ed9f4f595ea,Psychiatry,456.0,26.21,,2021-11-09
PHYS_3ed9f4f595ea,Cycle 2023-2024,PHYS_3ed9f4f595ea,Psychiatry,596.0,30.56,,2021-11-09
PHYS_3ed9f4f595ea,Cycle 2024-2025,PHYS_3ed9f4f595ea,Psychiatry,610.0,38.92,,2021-11-09
PHYS_df5f76dbc953,Cycle 2022-2023,PHYS_df5f76dbc953,Obstetrics and Gynecology,424.0,58.29,,2022-05-10
PHYS_df5f76dbc953,Cycle 2023-2024,PHYS_df5f76dbc953,Obstetrics and Gynecology,497.0,194.2,,2022-05-10
PHYS_df5f76dbc953,Cycle 2024-2025,PHYS_df5f76dbc953,Obstetrics and Gynecology,495.0,41.05,,2022-05-10
PHYS_437571541151,Cycle 2022-2023,PHYS_437571541151,Gastroenterology,665.0,41.55,,2022-04-01
PHYS_437571541151,Cycle 2023-2024,PHYS_437571541151,Gastroenterology,581.0,48.86,,2022-04-01
PHYS_437571541151,Cycle 2024-2025,PHYS_437571541151,Gastroenterology,476.0,53.84,,2022-04-01
PHYS_21f122001425,Cycle 2022-2023,PHYS_21f122001425,Family Medicine,980.0,74.92,,2011-07-01
PHYS_21f122001425,Cycle 2023-2024,PHYS_21f122001425,Family Medicine,1096.0,100.67,,2011-07-01
PHYS_21f122001425,Cycle 2024-2025,PHYS_21f122001425,Family Medicine,1095.0,76.85,,2011-07-01
PHYS_d8f8cc7a2c53,Cycle 2022-2023,PHYS_d8f8cc7a2c53,Neurology,1566.0,44.33,,2017-07-11
PHYS_d8f8cc7a2c53,Cycle 2023-2024,PHYS_d8f8cc7a2c53,Neurology,1614.0,36.69,1.0,2017-07-11
PHYS_d8f8cc7a2c53,Cycle 2024-2025,PHYS_d8f8cc7a2c53,Neurology,1422.0,41.63,,2017-07-11
PHYS_f0ab247db47e,Cycle 2023-2024,PHYS_f0ab247db47e,Emergency Medicine,,,1.0,2018-06-16
PHYS_1a0a8309de6c,Cycle 2022-2023,PHYS_1a0a8309de6c,Dermatology,3207.0,32.59,,2011-07-01
PHYS_1a0a8309de6c,Cycle 2023-2024,PHYS_1a0a8309de6c,Dermatology,3197.0,28.66,,2011-07-01
PHYS_1a0a8309de6c,Cycle 2024-2025,PHYS_1a0a8309de6c,Dermatology,2990.0,30.12,,2011-07-01
PHYS_6a8465128a14,Cycle 2022-2023,PHYS_6a8465128a14,Dentofacial Medicine,915.0,21.46,,2022-06-14
PHYS_6a8465128a14,Cycle 2023-2024,PHYS_6a8465128a14,Dentofacial Medicine,1276.0,71.0,,2022-06-14
PHYS_6a8465128a14,Cycle 2024-2025,PHYS_6a8465128a14,Dentofacial Medicine,1685.0,55.3,,2022-06-14
PHYS_1b486a9e38a8,Cycle 2022-2023,PHYS_1b486a9e38a8,Family Medicine,1836.0,29.93,,2013-07-09
PHYS_1b486a9e38a8,Cycle 2023-2024,PHYS_1b486a9e38a8,Family Medicine,1745.0,199.96,,2013-07-09
PHYS_1b486a9e38a8,Cycle 2024-2025,PHYS_1b486a9e38a8,Family Medicine,1730.0,36.74,,2013-07-09
PHYS_8f940181e2b7,Cycle 2022-2023,PHYS_8f940181e2b7,Hematology-Oncology,1003.0,62.4,,2022-02-08
PHYS_8f940181e2b7,Cycle 2023-2024,PHYS_8f940181e2b7,Hematology-Oncology,1145.0,51.55,,2022-02-08
PHYS_8f940181e2b7,Cycle 2024-2025,PHYS_8f940181e2b7,Hematology-Oncology,983.0,49.55,,2022-02-08
PHYS_0c7fca4357ff,Cycle 2022-2023,PHYS_0c7fca4357ff,Infectious Diseases,417.0,58.7,,2012-07-01
PHYS_0c7fca4357ff,Cycle 2023-2024,PHYS_0c7fca4357ff,Infectious Diseases,460.0,63.4,1.0,2012-07-01
PHYS_0c7fca4357ff,Cycle 2024-2025,PHYS_0c7fca4357ff,Infectious Diseases,440.0,67.57,,2012-07-01
PHYS_134fc473142b,Cycle 2022-2023,PHYS_134fc473142b,Family Medicine,435.0,33.1,,2011-07-01
PHYS_134fc473142b,Cycle 2023-2024,PHYS_134fc473142b,Family Medicine,458.0,33.49,,2011-07-01
PHYS_134fc473142b,Cycle 2024-2025,PHYS_134fc473142b,Family Medicine,443.0,32.55,,2011-07-01
PHYS_719ec762a045,Cycle 2022-2023,PHYS_719ec762a045,Hematology-Oncology,1210.0,77.31,,2011-07-01
PHYS_719ec762a045,Cycle 2023-2024,PHYS_719ec762a045,Hematology-Oncology,1260.0,65.45,1.0,2011-07-01
PHYS_719ec762a045,Cycle 2024-2025,PHYS_719ec762a045,Hematology-Oncology,1435.0,70.75,1.0,2011-07-01
PHYS_82ab3ac2654c,Cycle 2022-2023,PHYS_82ab3ac2654c,Pediatric Gastroenterology,,31.06,,2011-07-01
PHYS_82ab3ac2654c,Cycle 2023-2024,PHYS_82ab3ac2654c,Pediatric Gastroenterology,,31.97,,2011-07-01
PHYS_82ab3ac2654c,Cycle 2024-2025,PHYS_82ab3ac2654c,Pediatric Gastroenterology,,28.82,1.0,2011-07-01
PHYS_62c42162d828,Cycle 2024-2025,PHYS_62c42162d828,Pediatrics and Adolescent Medicine,,57.94,,2023-07-11
PHYS_a261be663815,Cycle 2022-2023,PHYS_a261be663815,Dermatology,1518.0,25.12,,2011-07-01
PHYS_a261be663815,Cycle 2023-2024,PHYS_a261be663815,Dermatology,1774.0,23.71,,2011-07-01
PHYS_a261be663815,Cycle 2024-2025,PHYS_a261be663815,Dermatology,1945.0,23.05,,2011-07-01
PHYS_6fcda5f120c8,Cycle 2022-2023,PHYS_6fcda5f120c8,Orthodontics,92.0,,,2011-07-01
PHYS_6fcda5f120c8,Cycle 2023-2024,PHYS_6fcda5f120c8,Orthodontics,89.0,,,2011-07-01
PHYS_6fcda5f120c8,Cycle 2024-2025,PHYS_6fcda5f120c8,Orthodontics,130.0,,,2011-07-01
PHYS_ae524137e63d,Cycle 2022-2023,PHYS_ae524137e63d,Pulmonary and Critical Care,1427.0,18.62,,2011-07-01
PHYS_ae524137e63d,Cycle 2023-2024,PHYS_ae524137e63d,Pulmonary and Critical Care,1271.0,12.63,,2011-07-01
PHYS_ae524137e63d,Cycle 2024-2025,PHYS_ae524137e63d,Pulmonary and Critical Care,851.0,12.33,1.0,2011-07-01
PHYS_fbac4acc1040,Cycle 2022-2023,PHYS_fbac4acc1040,General Internal Medicine and Geriatrics,37.0,26.33,,2022-07-01
PHYS_fbac4acc1040,Cycle 2023-2024,PHYS_fbac4acc1040,General Internal Medicine and Geriatrics,93.0,23.96,,2022-07-01
PHYS_fbac4acc1040,Cycle 2024-2025,PHYS_fbac4acc1040,General Internal Medicine and Geriatrics,42.0,24.62,,2022-07-01
PHYS_e687bc088709,Cycle 2022-2023,PHYS_e687bc088709,Pediatrics and Adolescent Medicine,,38.77,,2011-07-01
PHYS_e687bc088709,Cycle 2023-2024,PHYS_e687bc088709,Pediatrics and Adolescent Medicine,,143.64,1.0,2011-07-01
PHYS_e687bc088709,Cycle 2024-2025,PHYS_e687bc088709,Pediatrics and Adolescent Medicine,,36.76,,2011-07-01
PHYS_d8b8b891ffc9,Cycle 2022-2023,PHYS_d8b8b891ffc9,Cardiothoracic Surgery,311.0,62.3,,2011-07-01
PHYS_d8b8b891ffc9,Cycle 2023-2024,PHYS_d8b8b891ffc9,Cardiothoracic Surgery,576.0,64.19,,2011-07-01
PHYS_d8b8b891ffc9,Cycle 2024-2025,PHYS_d8b8b891ffc9,Cardiothoracic Surgery,555.0,40.3,1.0,2011-07-01
PHYS_343af737a77c,Cycle 2022-2023,PHYS_343af737a77c,Gynecologic Oncology,1722.0,53.34,,2015-08-20
PHYS_343af737a77c,Cycle 2023-2024,PHYS_343af737a77c,Gynecologic Oncology,1892.0,128.91,1.0,2015-08-20
PHYS_343af737a77c,Cycle 2024-2025,PHYS_343af737a77c,Gynecologic Oncology,1646.0,45.62,2.0,2015-08-20
PHYS_27b83fe71513,Cycle 2022-2023,PHYS_27b83fe71513,Otorhinolaryngology - Head and Neck Surgery,2678.0,13.54,,2013-09-01
PHYS_27b83fe71513,Cycle 2023-2024,PHYS_27b83fe71513,Otorhinolaryngology - Head and Neck Surgery,2926.0,10.04,1.0,2013-09-01
PHYS_27b83fe71513,Cycle 2024-2025,PHYS_27b83fe71513,Otorhinolaryngology - Head and Neck Surgery,2330.0,8.82,,2013-09-01
PHYS_8aa04f92bb46,Cycle 2022-2023,PHYS_8aa04f92bb46,Oculoplastics/Orbital/Lacrimal surgery,2599.0,48.55,,2016-08-18
PHYS_8aa04f92bb46,Cycle 2023-2024,PHYS_8aa04f92bb46,Oculoplastics/Orbital/Lacrimal surgery,2726.0,58.36,,2016-08-18
PHYS_8aa04f92bb46,Cycle 2024-2025,PHYS_8aa04f92bb46,Oculoplastics/Orbital/Lacrimal surgery,2479.0,53.09,,2016-08-18
PHYS_0e40d0aae510,Cycle 2022-2023,PHYS_0e40d0aae510,Pediatric Hematology-Oncology,332.0,184.67,,2021-07-13
PHYS_0e40d0aae510,Cycle 2023-2024,PHYS_0e40d0aae510,Pediatric Hematology-Oncology,592.0,201.78,,2021-07-13
PHYS_0e40d0aae510,Cycle 2024-2025,PHYS_0e40d0aae510,Pediatric Hematology-Oncology,559.0,168.67,,2021-07-13
PHYS_51df892c308a,Cycle 2022-2023,PHYS_51df892c308a,Pediatric Neurology,821.0,72.88,2.0,2011-07-01
PHYS_51df892c308a,Cycle 2023-2024,PHYS_51df892c308a,Pediatric Neurology,736.0,62.38,2.0,2011-07-01
PHYS_51df892c308a,Cycle 2024-2025,PHYS_51df892c308a,Pediatric Neurology,625.0,57.39,1.0,2011-07-01
PHYS_72ad63bc88ee,Cycle 2023-2024,PHYS_72ad63bc88ee,Emergency Medicine,,,1.0,2014-09-11
PHYS_1563d6861c47,Cycle 2024-2025,PHYS_1563d6861c47,Pediatrics and Adolescent Medicine,,,1.0,2018-01-01
PHYS_32e8dc548132,Cycle 2022-2023,PHYS_32e8dc548132,Orthodontics,22.0,,,2011-07-01
PHYS_0d0e3dd63767,Cycle 2022-2023,PHYS_0d0e3dd63767,Orthopaedic Surgery,6025.0,100.44,,2011-07-01
PHYS_0d0e3dd63767,Cycle 2023-2024,PHYS_0d0e3dd63767,Orthopaedic Surgery,6222.0,89.86,1.0,2011-07-01
PHYS_0d0e3dd63767,Cycle 2024-2025,PHYS_0d0e3dd63767,Orthopaedic Surgery,6156.0,94.53,,2011-07-01
PHYS_177f77b135b4,Cycle 2022-2023,PHYS_177f77b135b4,Corneal/Refractive Surgery,2097.0,43.56,,2011-07-01
PHYS_177f77b135b4,Cycle 2023-2024,PHYS_177f77b135b4,Corneal/Refractive Surgery,2420.0,45.25,1.0,2011-07-01
PHYS_177f77b135b4,Cycle 2024-2025,PHYS_177f77b135b4,Corneal/Refractive Surgery,2159.0,37.6,,2011-07-01
PHYS_65af24a9759c,Cycle 2022-2023,PHYS_65af24a9759c,Pediatric Infectious Diseases,2353.0,54.06,,2011-07-01
PHYS_65af24a9759c,Cycle 2023-2024,PHYS_65af24a9759c,Pediatric Infectious Diseases,2261.0,56.28,,2011-07-01
PHYS_65af24a9759c,Cycle 2024-2025,PHYS_65af24a9759c,Pediatric Infectious Diseases,1829.0,48.89,,2011-07-01
PHYS_e175501ebe36,Cycle 2022-2023,PHYS_e175501ebe36,Geriatrics,107.0,26.73,2.0,2011-07-01
PHYS_e175501ebe36,Cycle 2023-2024,PHYS_e175501ebe36,Geriatrics,149.0,42.03,4.0,2011-07-01
PHYS_e175501ebe36,Cycle 2024-2025,PHYS_e175501ebe36,Geriatrics,176.0,44.48,3.0,2011-07-01
PHYS_b52b9a0ebf16,Cycle 2022-2023,PHYS_b52b9a0ebf16,Vitreo-Retinal surgery,2686.0,75.51,,2011-07-01
PHYS_b52b9a0ebf16,Cycle 2023-2024,PHYS_b52b9a0ebf16,Vitreo-Retinal surgery,2734.0,72.76,,2011-07-01
PHYS_b52b9a0ebf16,Cycle 2024-2025,PHYS_b52b9a0ebf16,Vitreo-Retinal surgery,2529.0,78.19,2.0,2011-07-01
PHYS_738254be9bf6,Cycle 2022-2023,PHYS_738254be9bf6,Orthodontics,2764.0,126.43,,2011-07-01
PHYS_738254be9bf6,Cycle 2023-2024,PHYS_738254be9bf6,Orthodontics,2498.0,298.33,,2011-07-01
PHYS_738254be9bf6,Cycle 2024-2025,PHYS_738254be9bf6,Orthodontics,2512.0,364.53,,2011-07-01
PHYS_155ddef11442,Cycle 2022-2023,PHYS_155ddef11442,Psychiatry,454.0,56.64,,2022-09-20
PHYS_155ddef11442,Cycle 2023-2024,PHYS_155ddef11442,Psychiatry,1016.0,88.91,,2022-09-20
PHYS_155ddef11442,Cycle 2024-2025,PHYS_155ddef11442,Psychiatry,965.0,51.69,,2022-09-20
PHYS_3c48cb2e4643,Cycle 2024-2025,PHYS_3c48cb2e4643,Orthopaedic Surgery,763.0,15.5,,
PHYS_ec334b6ce571,Cycle 2022-2023,PHYS_ec334b6ce571,Urology,1174.0,48.42,,2011-07-01
PHYS_ec334b6ce571,Cycle 2023-2024,PHYS_ec334b6ce571,Urology,1297.0,50.86,,2011-07-01
PHYS_ec334b6ce571,Cycle 2024-2025,PHYS_ec334b6ce571,Urology,1318.0,46.99,,2011-07-01
PHYS_e5fe76cfc0f5,Cycle 2022-2023,PHYS_e5fe76cfc0f5,Otorhinolaryngology - Head and Neck Surgery,143.0,24.08,,2011-07-01
PHYS_e5fe76cfc0f5,Cycle 2023-2024,PHYS_e5fe76cfc0f5,Otorhinolaryngology - Head and Neck Surgery,58.0,13.92,,2011-07-01
PHYS_72576b499f11,Cycle 2022-2023,PHYS_72576b499f11,Urology,3570.0,40.6,,2011-07-01
PHYS_72576b499f11,Cycle 2023-2024,PHYS_72576b499f11,Urology,3263.0,37.82,,2011-07-01
PHYS_72576b499f11,Cycle 2024-2025,PHYS_72576b499f11,Urology,2654.0,38.31,2.0,2011-07-01
PHYS_ec2a009b0fc7,Cycle 2023-2024,PHYS_ec2a009b0fc7,Vascular Surgery,348.0,59.78,1.0,2021-11-09
PHYS_ec2a009b0fc7,Cycle 2024-2025,PHYS_ec2a009b0fc7,Vascular Surgery,731.0,90.08,,2021-11-09
PHYS_4b557f2781cb,Cycle 2022-2023,PHYS_4b557f2781cb,Neurology,3495.0,65.48,,2011-07-01
PHYS_4b557f2781cb,Cycle 2023-2024,PHYS_4b557f2781cb,Neurology,3867.0,63.12,,2011-07-01
PHYS_4b557f2781cb,Cycle 2024-2025,PHYS_4b557f2781cb,Neurology,3313.0,55.84,1.0,2011-07-01
PHYS_56a6b961f2f5,Cycle 2023-2024,PHYS_56a6b961f2f5,Vascular Surgery,203.0,28.31,,2011-07-01
PHYS_56a6b961f2f5,Cycle 2024-2025,PHYS_56a6b961f2f5,Vascular Surgery,230.0,40.5,,2011-07-01
PHYS_d83d142152e6,Cycle 2024-2025,PHYS_d83d142152e6,General Internal Medicine and Geriatrics,90.0,48.89,2.0,2018-06-14
PHYS_8f05f1a538fb,Cycle 2022-2023,PHYS_8f05f1a538fb,Family Medicine,2639.0,38.43,,2011-07-01
PHYS_8f05f1a538fb,Cycle 2023-2024,PHYS_8f05f1a538fb,Family Medicine,2862.0,33.4,,2011-07-01
PHYS_8f05f1a538fb,Cycle 2024-2025,PHYS_8f05f1a538fb,Family Medicine,2387.0,28.76,,2011-07-01
PHYS_44aa26beae78,Cycle 2022-2023,PHYS_44aa26beae78,Corneal/Refractive Surgery,4027.0,106.33,,2011-07-01
PHYS_44aa26beae78,Cycle 2023-2024,PHYS_44aa26beae78,Corneal/Refractive Surgery,4023.0,90.6,,2011-07-01
PHYS_44aa26beae78,Cycle 2024-2025,PHYS_44aa26beae78,Corneal/Refractive Surgery,3994.0,89.72,,2011-07-01
PHYS_c2db76459ce1,Cycle 2022-2023,PHYS_c2db76459ce1,Obstetrics and Gynecology,122.0,,,2016-04-15
PHYS_c2db76459ce1,Cycle 2023-2024,PHYS_c2db76459ce1,Obstetrics and Gynecology,63.0,7.0,,2016-04-15
PHYS_c2db76459ce1,Cycle 2024-2025,PHYS_c2db76459ce1,Obstetrics and Gynecology,69.0,,,2016-04-15
PHYS_f430cfb31b6d,Cycle 2022-2023,PHYS_f430cfb31b6d,Ophthalmology,2.0,,,2011-07-01
PHYS_f1e37c991380,Cycle 2023-2024,PHYS_f1e37c991380,Pediatric Surgery Service,430.0,83.45,,2011-07-01
PHYS_f1e37c991380,Cycle 2024-2025,PHYS_f1e37c991380,Pediatric Surgery Service,636.0,80.15,1.0,2011-07-01
PHYS_0c1628118176,Cycle 2022-2023,PHYS_0c1628118176,Cardiology,1420.0,14.53,,2011-07-01
PHYS_0c1628118176,Cycle 2023-2024,PHYS_0c1628118176,Cardiology,1509.0,18.75,,2011-07-01
PHYS_0c1628118176,Cycle 2024-2025,PHYS_0c1628118176,Cardiology,1487.0,18.6,,2011-07-01
PHYS_cba2ea3a0d88,Cycle 2022-2023,PHYS_cba2ea3a0d88,Cardiology,966.0,20.51,,2011-07-01
PHYS_cba2ea3a0d88,Cycle 2023-2024,PHYS_cba2ea3a0d88,Cardiology,1008.0,26.48,1.0,2011-07-01
PHYS_cba2ea3a0d88,Cycle 2024-2025,PHYS_cba2ea3a0d88,Cardiology,953.0,19.23,,2011-07-01
PHYS_f940253b51c8,Cycle 2022-2023,PHYS_f940253b51c8,Family Medicine,1856.0,21.17,,2011-07-01
PHYS_f940253b51c8,Cycle 2023-2024,PHYS_f940253b51c8,Family Medicine,1778.0,37.04,,2011-07-01
PHYS_f940253b51c8,Cycle 2024-2025,PHYS_f940253b51c8,Family Medicine,1811.0,25.09,,2011-07-01
PHYS_7f033bc1f792,Cycle 2022-2023,PHYS_7f033bc1f792,General Surgery,1088.0,37.43,,2012-11-01
PHYS_7f033bc1f792,Cycle 2023-2024,PHYS_7f033bc1f792,General Surgery,1122.0,36.69,,2012-11-01
PHYS_7f033bc1f792,Cycle 2024-2025,PHYS_7f033bc1f792,General Surgery,1229.0,31.68,1.0,2012-11-01
PHYS_08e98486b3ce,Cycle 2022-2023,PHYS_08e98486b3ce,General Surgery,2489.0,74.75,,2015-03-05
PHYS_08e98486b3ce,Cycle 2023-2024,PHYS_08e98486b3ce,General Surgery,2517.0,63.27,2.0,2015-03-05
PHYS_08e98486b3ce,Cycle 2024-2025,PHYS_08e98486b3ce,General Surgery,2376.0,61.41,3.0,2015-03-05
PHYS_a7c9ab176f48,Cycle 2022-2023,PHYS_a7c9ab176f48,Neurology,1665.0,51.48,,2011-07-01
PHYS_a7c9ab176f48,Cycle 2023-2024,PHYS_a7c9ab176f48,Neurology,1585.0,72.85,,2011-07-01
PHYS_a7c9ab176f48,Cycle 2024-2025,PHYS_a7c9ab176f48,Neurology,1398.0,41.2,,2011-07-01
PHYS_e93cd54eccca,Cycle 2022-2023,PHYS_e93cd54eccca,Orthodontics,261.0,,,2011-07-01
PHYS_e93cd54eccca,Cycle 2023-2024,PHYS_e93cd54eccca,Orthodontics,419.0,,,2011-07-01
PHYS_e93cd54eccca,Cycle 2024-2025,PHYS_e93cd54eccca,Orthodontics,355.0,,,2011-07-01
PHYS_f865b2d06c16,Cycle 2022-2023,PHYS_f865b2d06c16,Family Medicine,1689.0,51.18,,2011-07-01
PHYS_f865b2d06c16,Cycle 2023-2024,PHYS_f865b2d06c16,Family Medicine,1557.0,41.23,,2011-07-01
PHYS_f865b2d06c16,Cycle 2024-2025,PHYS_f865b2d06c16,Family Medicine,1594.0,44.33,,2011-07-01
PHYS_63c6c95d0a19,Cycle 2022-2023,PHYS_63c6c95d0a19,Infectious Diseases,994.0,54.69,,2011-07-01
PHYS_63c6c95d0a19,Cycle 2023-2024,PHYS_63c6c95d0a19,Infectious Diseases,959.0,46.79,1.0,2011-07-01
PHYS_63c6c95d0a19,Cycle 2024-2025,PHYS_63c6c95d0a19,Infectious Diseases,974.0,45.96,,2011-07-01
PHYS_60db5fc5790a,Cycle 2023-2024,PHYS_60db5fc5790a,Pediatric Infectious Diseases,63.0,29.94,,2023-09-12
PHYS_60db5fc5790a,Cycle 2024-2025,PHYS_60db5fc5790a,Pediatric Infectious Diseases,9.0,23.33,,2023-09-12
PHYS_e1fe1dc0cc98,Cycle 2022-2023,PHYS_e1fe1dc0cc98,Pediatric Neurology,644.0,64.85,,2022-05-10
PHYS_e1fe1dc0cc98,Cycle 2023-2024,PHYS_e1fe1dc0cc98,Pediatric Neurology,543.0,51.08,,2022-05-10
PHYS_e1fe1dc0cc98,Cycle 2024-2025,PHYS_e1fe1dc0cc98,Pediatric Neurology,395.0,49.76,,2022-05-10
PHYS_11bed525f8a2,Cycle 2022-2023,PHYS_11bed525f8a2,Neurology,696.0,19.84,,2011-07-01
PHYS_11bed525f8a2,Cycle 2023-2024,PHYS_11bed525f8a2,Neurology,718.0,14.47,,2011-07-01
PHYS_11bed525f8a2,Cycle 2024-2025,PHYS_11bed525f8a2,Neurology,595.0,12.45,,2011-07-01
PHYS_1688b5a58eea,Cycle 2024-2025,PHYS_1688b5a58eea,Orthopaedic Surgery,,,1.0,2011-07-01
PHYS_59abdc77e246,Cycle 2022-2023,PHYS_59abdc77e246,Pediatric Hematology-Oncology,407.0,142.39,,2011-07-01
PHYS_59abdc77e246,Cycle 2023-2024,PHYS_59abdc77e246,Pediatric Hematology-Oncology,637.0,258.15,,2011-07-01
PHYS_59abdc77e246,Cycle 2024-2025,PHYS_59abdc77e246,Pediatric Hematology-Oncology,454.0,129.81,,2011-07-01
PHYS_d8ccf1500bf7,Cycle 2022-2023,PHYS_d8ccf1500bf7,Family Medicine,774.0,53.26,,2011-07-01
PHYS_d8ccf1500bf7,Cycle 2023-2024,PHYS_d8ccf1500bf7,Family Medicine,730.0,296.04,,2011-07-01
PHYS_d8ccf1500bf7,Cycle 2024-2025,PHYS_d8ccf1500bf7,Family Medicine,713.0,52.51,1.0,2011-07-01
PHYS_a94e0cb739e1,Cycle 2022-2023,PHYS_a94e0cb739e1,Nephrology,1669.0,45.71,,2011-07-01
PHYS_a94e0cb739e1,Cycle 2023-2024,PHYS_a94e0cb739e1,Nephrology,2028.0,108.69,2.0,2011-07-01
PHYS_a94e0cb739e1,Cycle 2024-2025,PHYS_a94e0cb739e1,Nephrology,2233.0,42.55,,2011-07-01
PHYS_87cc0360be48,Cycle 2022-2023,PHYS_87cc0360be48,Pediatric Pulmonology,,25.31,,2011-07-01
PHYS_87cc0360be48,Cycle 2023-2024,PHYS_87cc0360be48,Pediatric Pulmonology,,25.1,,2011-07-01
PHYS_87cc0360be48,Cycle 2024-2025,PHYS_87cc0360be48,Pediatric Pulmonology,,21.31,,2011-07-01
PHYS_f86cd3aa057e,Cycle 2022-2023,PHYS_f86cd3aa057e,General Surgery,156.0,60.08,,2021-04-13
PHYS_f86cd3aa057e,Cycle 2023-2024,PHYS_f86cd3aa057e,General Surgery,164.0,67.85,,2021-04-13
PHYS_f86cd3aa057e,Cycle 2024-2025,PHYS_f86cd3aa057e,General Surgery,64.0,43.08,,2021-04-13
PHYS_88588d0b818d,Cycle 2022-2023,PHYS_88588d0b818d,Orthopaedic Surgery,4903.0,45.34,,2011-07-01
PHYS_88588d0b818d,Cycle 2023-2024,PHYS_88588d0b818d,Orthopaedic Surgery,4941.0,43.96,1.0,2011-07-01
PHYS_88588d0b818d,Cycle 2024-2025,PHYS_88588d0b818d,Orthopaedic Surgery,4222.0,44.28,1.0,2011-07-01
PHYS_cc70341eaeea,Cycle 2022-2023,PHYS_cc70341eaeea,Pediatric Nephrology,,37.86,,2011-07-01
PHYS_cc70341eaeea,Cycle 2023-2024,PHYS_cc70341eaeea,Pediatric Nephrology,,37.17,,2011-07-01
PHYS_cc70341eaeea,Cycle 2024-2025,PHYS_cc70341eaeea,Pediatric Nephrology,,32.16,,2011-07-01
PHYS_af8e43e0ecda,Cycle 2022-2023,PHYS_af8e43e0ecda,Hematology-Oncology,1949.0,59.44,,2011-07-01
PHYS_af8e43e0ecda,Cycle 2023-2024,PHYS_af8e43e0ecda,Hematology-Oncology,2003.0,51.12,1.0,2011-07-01
PHYS_af8e43e0ecda,Cycle 2024-2025,PHYS_af8e43e0ecda,Hematology-Oncology,1753.0,49.55,1.0,2011-07-01
PHYS_2ea5bacd1678,Cycle 2022-2023,PHYS_2ea5bacd1678,Pulmonary and Critical Care,1884.0,28.19,,2011-07-01
PHYS_2ea5bacd1678,Cycle 2023-2024,PHYS_2ea5bacd1678,Pulmonary and Critical Care,1628.0,29.04,,2011-07-01
PHYS_2ea5bacd1678,Cycle 2024-2025,PHYS_2ea5bacd1678,Pulmonary and Critical Care,1037.0,19.53,,2011-07-01
PHYS_77649ca0900b,Cycle 2022-2023,PHYS_77649ca0900b,Obstetrics and Gynecology,726.0,38.22,,2011-07-01
PHYS_77649ca0900b,Cycle 2023-2024,PHYS_77649ca0900b,Obstetrics and Gynecology,774.0,74.32,1.0,2011-07-01
PHYS_77649ca0900b,Cycle 2024-2025,PHYS_77649ca0900b,Obstetrics and Gynecology,689.0,27.37,,2011-07-01
PHYS_8cabd5ddd3a8,Cycle 2022-2023,PHYS_8cabd5ddd3a8,Radiation Oncology,1004.0,53.88,,2011-07-01
PHYS_8cabd5ddd3a8,Cycle 2023-2024,PHYS_8cabd5ddd3a8,Radiation Oncology,853.0,53.34,,2011-07-01
PHYS_8cabd5ddd3a8,Cycle 2024-2025,PHYS_8cabd5ddd3a8,Radiation Oncology,641.0,46.56,,2011-07-01
PHYS_37ab8eeca1e5,Cycle 2023-2024,PHYS_37ab8eeca1e5,Neurology,409.0,25.27,,2022-07-01
PHYS_37ab8eeca1e5,Cycle 2024-2025,PHYS_37ab8eeca1e5,Neurology,1070.0,50.07,,2022-07-01
PHYS_724a08299859,Cycle 2023-2024,PHYS_724a08299859,Neurosurgery,26.0,19.2,,2018-07-01
PHYS_724a08299859,Cycle 2024-2025,PHYS_724a08299859,Neurosurgery,42.0,65.75,,2018-07-01
PHYS_0b154e62147a,Cycle 2022-2023,PHYS_0b154e62147a,Family Medicine,1022.0,83.8,,2011-07-01
PHYS_0b154e62147a,Cycle 2023-2024,PHYS_0b154e62147a,Family Medicine,919.0,75.17,1.0,2011-07-01
PHYS_0b154e62147a,Cycle 2024-2025,PHYS_0b154e62147a,Family Medicine,1198.0,64.46,,2011-07-01
PHYS_f04503b55ed4,Cycle 2024-2025,PHYS_f04503b55ed4,Oculoplastics/Orbital/Lacrimal surgery,182.0,20.98,,2015-10-13
PHYS_f04503b55ed4,Cycle 2024-2025,PHYS_f04503b55ed4,Ophthalmology,26.0,26.2,,
PHYS_614bab004c69,Cycle 2022-2023,PHYS_614bab004c69,Family Medicine,2690.0,39.17,,2011-07-01
PHYS_614bab004c69,Cycle 2023-2024,PHYS_614bab004c69,Family Medicine,2735.0,43.63,2.0,2011-07-01
PHYS_614bab004c69,Cycle 2024-2025,PHYS_614bab004c69,Family Medicine,2435.0,43.43,2.0,2011-07-01
PHYS_183de6ed35cf,Cycle 2022-2023,PHYS_183de6ed35cf,Family Medicine,1374.0,23.78,,2014-11-11
PHYS_183de6ed35cf,Cycle 2023-2024,PHYS_183de6ed35cf,Family Medicine,1198.0,23.81,,2014-11-11
PHYS_183de6ed35cf,Cycle 2024-2025,PHYS_183de6ed35cf,Family Medicine,1218.0,27.4,1.0,2014-11-11
PHYS_2dd4c5aa0461,Cycle 2022-2023,PHYS_2dd4c5aa0461,Vitreo-Retinal surgery,2479.0,73.78,,2019-09-01
PHYS_2dd4c5aa0461,Cycle 2023-2024,PHYS_2dd4c5aa0461,Vitreo-Retinal surgery,2591.0,74.43,,2019-09-01
PHYS_2dd4c5aa0461,Cycle 2024-2025,PHYS_2dd4c5aa0461,Vitreo-Retinal surgery,2832.0,78.47,,2019-09-01
PHYS_55de23dce1a6,Cycle 2022-2023,PHYS_55de23dce1a6,Nephrology,3789.0,33.24,,2011-07-01
PHYS_55de23dce1a6,Cycle 2023-2024,PHYS_55de23dce1a6,Nephrology,4034.0,29.46,2.0,2011-07-01
PHYS_55de23dce1a6,Cycle 2024-2025,PHYS_55de23dce1a6,Nephrology,3795.0,26.9,1.0,2011-07-01
PHYS_ded69ffc7130,Cycle 2022-2023,PHYS_ded69ffc7130,Neurology,1272.0,36.57,,2013-01-08
PHYS_ded69ffc7130,Cycle 2023-2024,PHYS_ded69ffc7130,Neurology,1225.0,34.28,,2013-01-08
PHYS_ded69ffc7130,Cycle 2024-2025,PHYS_ded69ffc7130,Neurology,1085.0,33.16,,2013-01-08
PHYS_f24b5ac4ffcc,Cycle 2022-2023,PHYS_f24b5ac4ffcc,Psychiatry,1799.0,51.59,,2017-10-18
PHYS_f24b5ac4ffcc,Cycle 2023-2024,PHYS_f24b5ac4ffcc,Psychiatry,1933.0,50.21,,2017-10-18
PHYS_f24b5ac4ffcc,Cycle 2024-2025,PHYS_f24b5ac4ffcc,Psychiatry,1779.0,50.36,,2017-10-18
PHYS_24a62be3fc23,Cycle 2022-2023,PHYS_24a62be3fc23,Plastic Surgery,962.0,68.32,,2012-02-06
PHYS_24a62be3fc23,Cycle 2023-2024,PHYS_24a62be3fc23,Plastic Surgery,847.0,72.51,,2012-02-06
PHYS_24a62be3fc23,Cycle 2024-2025,PHYS_24a62be3fc23,Plastic Surgery,774.0,62.83,5.0,2012-02-06
PHYS_a5515d805118,Cycle 2024-2025,PHYS_a5515d805118,Endocrinology and Metabolism,1482.0,54.21,,2024-07-01
PHYS_58f39c63da09,Cycle 2022-2023,PHYS_58f39c63da09,Cardiothoracic Surgery,16.0,15.0,,2021-11-09
PHYS_58f39c63da09,Cycle 2023-2024,PHYS_58f39c63da09,Cardiothoracic Surgery,29.0,,,2021-11-09
PHYS_58f39c63da09,Cycle 2024-2025,PHYS_58f39c63da09,Cardiothoracic Surgery,10.0,6.0,,2021-11-09
PHYS_149fefab32b4,Cycle 2024-2025,PHYS_149fefab32b4,General Surgery,198.0,27.96,,2024-07-09
PHYS_e74ee551fa09,Cycle 2022-2023,PHYS_e74ee551fa09,Gastroenterology,1216.0,35.31,,2015-05-21
PHYS_e74ee551fa09,Cycle 2023-2024,PHYS_e74ee551fa09,Gastroenterology,1288.0,39.69,1.0,2015-05-21
PHYS_e74ee551fa09,Cycle 2024-2025,PHYS_e74ee551fa09,Gastroenterology,777.0,45.37,1.0,2015-05-21
PHYS_c367fab96ca6,Cycle 2022-2023,PHYS_c367fab96ca6,Radiation Oncology,576.0,62.19,,2018-04-12
PHYS_c367fab96ca6,Cycle 2023-2024,PHYS_c367fab96ca6,Radiation Oncology,762.0,57.74,,2018-04-12
PHYS_c367fab96ca6,Cycle 2024-2025,PHYS_c367fab96ca6,Radiation Oncology,703.0,59.79,,2018-04-12
PHYS_ac7336a02460,Cycle 2022-2023,PHYS_ac7336a02460,Vitreo-Retinal surgery,2967.0,104.74,,2011-07-01
PHYS_ac7336a02460,Cycle 2023-2024,PHYS_ac7336a02460,Vitreo-Retinal surgery,3409.0,108.15,,2011-07-01
PHYS_ac7336a02460,Cycle 2024-2025,PHYS_ac7336a02460,Vitreo-Retinal surgery,3360.0,103.65,,2011-07-01
PHYS_74310b196617,Cycle 2022-2023,PHYS_74310b196617,Pediatric Cardiology,362.0,84.36,,2015-10-02
PHYS_74310b196617,Cycle 2023-2024,PHYS_74310b196617,Pediatric Cardiology,578.0,60.43,1.0,2015-10-02
PHYS_74310b196617,Cycle 2024-2025,PHYS_74310b196617,Pediatric Cardiology,532.0,67.56,,2015-10-02
PHYS_0c6a6d8731d5,Cycle 2023-2024,PHYS_0c6a6d8731d5,Neurology,50.0,24.94,,2023-05-09
PHYS_0c6a6d8731d5,Cycle 2024-2025,PHYS_0c6a6d8731d5,Neurology,42.0,20.63,,2023-05-09
PHYS_7d4639603244,Cycle 2022-2023,PHYS_7d4639603244,Cardiology,620.0,31.6,,2011-07-01
PHYS_7d4639603244,Cycle 2023-2024,PHYS_7d4639603244,Cardiology,668.0,30.88,1.0,2011-07-01
PHYS_7d4639603244,Cycle 2024-2025,PHYS_7d4639603244,Cardiology,628.0,34.86,,2011-07-01
PHYS_4358aa6d482d,Cycle 2022-2023,PHYS_4358aa6d482d,Infectious Diseases,229.0,73.67,,2011-07-01
PHYS_4358aa6d482d,Cycle 2023-2024,PHYS_4358aa6d482d,Infectious Diseases,273.0,63.28,,2011-07-01
PHYS_4358aa6d482d,Cycle 2024-2025,PHYS_4358aa6d482d,Infectious Diseases,273.0,81.19,1.0,2011-07-01
PHYS_fb27e93e1ed4,Cycle 2022-2023,PHYS_fb27e93e1ed4,Otorhinolaryngology - Head and Neck Surgery,3022.0,16.23,,2016-11-17
PHYS_fb27e93e1ed4,Cycle 2023-2024,PHYS_fb27e93e1ed4,Otorhinolaryngology - Head and Neck Surgery,3678.0,11.45,,2016-11-17
PHYS_fb27e93e1ed4,Cycle 2024-2025,PHYS_fb27e93e1ed4,Otorhinolaryngology - Head and Neck Surgery,3592.0,11.3,,2016-11-17
PHYS_7cc4e16da108,Cycle 2022-2023,PHYS_7cc4e16da108,Hematology-Oncology,370.0,36.05,,2011-07-01
PHYS_173bbc0bcea0,Cycle 2024-2025,PHYS_173bbc0bcea0,Infectious Diseases,,,2.0,2011-07-01
